,Date,Location,New Cases,New Deaths,New Recovered,New Active Cases,Total Cases,Total Deaths,Total Recovered,Total Active Cases,Area (km2),Population,Population Density,Growth Factor of New Cases,Increasing
21168,2020-04-10,Gorontalo,1,0,0,1,2,0,4,-2,11257,1180651,104.88,0.0,0
21169,2020-04-11,Gorontalo,0,0,0,0,2,0,4,-2,11257,1180651,104.88,0.0,0
21170,2020-04-12,Gorontalo,0,0,0,0,2,0,4,-2,11257,1180651,104.88,0.0,0
21171,2020-04-13,Gorontalo,0,0,0,0,2,0,4,-2,11257,1180651,104.88,0.0,0
21172,2020-04-14,Gorontalo,0,0,0,0,2,0,4,-2,11257,1180651,104.88,0.0,0
21173,2020-04-15,Gorontalo,0,0,0,0,2,0,4,-2,11257,1180651,104.88,0.0,0
21174,2020-04-16,Gorontalo,3,0,0,3,5,0,4,1,11257,1180651,104.88,0.0,0
21175,2020-04-17,Gorontalo,0,0,0,0,5,0,4,1,11257,1180651,104.88,0.0,0
21176,2020-04-18,Gorontalo,0,0,0,0,5,0,4,1,11257,1180651,104.88,0.0,0
21177,2020-04-19,Gorontalo,0,0,0,0,5,0,4,1,11257,1180651,104.88,0.0,0
21178,2020-04-20,Gorontalo,0,0,0,0,5,0,4,1,11257,1180651,104.88,0.0,0
21179,2020-04-21,Gorontalo,3,1,0,2,8,1,4,3,11257,1180651,104.88,0.0,0
21180,2020-04-22,Gorontalo,0,0,0,0,8,1,4,3,11257,1180651,104.88,0.0,0
21181,2020-04-23,Gorontalo,0,0,0,0,8,1,4,3,11257,1180651,104.88,0.0,0
21182,2020-04-24,Gorontalo,5,0,0,5,13,1,4,8,11257,1180651,104.88,0.0,0
21183,2020-04-25,Gorontalo,2,0,0,2,15,1,4,10,11257,1180651,104.88,0.4,0
21184,2020-04-26,Gorontalo,0,0,0,0,15,1,4,10,11257,1180651,104.88,0.0,0
21185,2020-04-27,Gorontalo,0,0,0,0,15,1,4,10,11257,1180651,104.88,0.0,0
21186,2020-04-28,Gorontalo,1,0,2,-1,16,1,6,9,11257,1180651,104.88,0.0,0
21187,2020-04-29,Gorontalo,0,0,0,0,16,1,6,9,11257,1180651,104.88,0.0,0
21188,2020-04-30,Gorontalo,0,0,0,0,16,1,6,9,11257,1180651,104.88,0.0,0
21189,2020-05-01,Gorontalo,0,0,0,0,16,1,6,9,11257,1180651,104.88,0.0,0
21190,2020-05-02,Gorontalo,0,0,0,0,16,1,6,9,11257,1180651,104.88,0.0,0
21191,2020-05-03,Gorontalo,0,0,0,0,16,1,6,9,11257,1180651,104.88,0.0,0
21192,2020-05-04,Gorontalo,0,0,0,0,16,1,6,9,11257,1180651,104.88,0.0,0
21193,2020-05-05,Gorontalo,0,0,4,-4,16,1,10,5,11257,1180651,104.88,0.0,0
21194,2020-05-06,Gorontalo,0,0,1,-1,16,1,11,4,11257,1180651,104.88,0.0,0
21195,2020-05-07,Gorontalo,4,0,0,4,20,1,11,8,11257,1180651,104.88,0.0,0
21196,2020-05-08,Gorontalo,0,0,3,-3,20,1,14,5,11257,1180651,104.88,0.0,0
21197,2020-05-09,Gorontalo,0,0,0,0,20,1,14,5,11257,1180651,104.88,0.0,0
21198,2020-05-10,Gorontalo,0,0,1,-1,20,1,15,4,11257,1180651,104.88,0.0,0
21199,2020-05-11,Gorontalo,0,0,0,0,20,1,15,4,11257,1180651,104.88,0.0,0
21200,2020-05-12,Gorontalo,0,0,0,0,20,1,15,4,11257,1180651,104.88,0.0,0
21201,2020-05-13,Gorontalo,0,0,1,-1,20,1,16,3,11257,1180651,104.88,0.0,0
21202,2020-05-14,Gorontalo,2,0,1,1,22,1,17,4,11257,1180651,104.88,0.0,0
21203,2020-05-15,Gorontalo,1,0,1,0,23,1,18,4,11257,1180651,104.88,0.5,0
21204,2020-05-16,Gorontalo,1,1,0,0,24,2,18,4,11257,1180651,104.88,1.0,1
21205,2020-05-17,Gorontalo,1,0,0,1,25,2,18,5,11257,1180651,104.88,1.0,1
21206,2020-05-18,Gorontalo,4,0,0,4,29,2,18,9,11257,1180651,104.88,4.0,1
21207,2020-05-19,Gorontalo,0,0,0,0,29,2,18,9,11257,1180651,104.88,0.0,0
21208,2020-05-20,Gorontalo,0,0,1,-1,29,2,19,8,11257,1180651,104.88,0.0,0
21209,2020-05-21,Gorontalo,16,0,0,16,45,2,19,24,11257,1180651,104.88,0.0,0
21210,2020-05-22,Gorontalo,3,0,2,1,48,2,21,25,11257,1180651,104.88,0.1875,0
21211,2020-05-23,Gorontalo,2,0,1,1,50,2,22,26,11257,1180651,104.88,0.6666666666666666,0
21212,2020-05-24,Gorontalo,9,0,0,9,59,2,22,35,11257,1180651,104.88,4.5,1
21213,2020-05-25,Gorontalo,0,0,0,0,59,2,22,35,11257,1180651,104.88,0.0,0
21214,2020-05-26,Gorontalo,0,0,0,0,59,2,22,35,11257,1180651,104.88,0.0,0
21215,2020-05-27,Gorontalo,2,0,0,2,61,2,22,37,11257,1180651,104.88,0.0,0
21216,2020-05-28,Gorontalo,5,1,1,3,66,3,23,40,11257,1180651,104.88,2.5,1
21217,2020-05-29,Gorontalo,3,0,4,-1,69,3,27,39,11257,1180651,104.88,0.6,0
21218,2020-05-30,Gorontalo,1,2,0,-1,70,5,27,38,11257,1180651,104.88,0.3333333333333333,0
21219,2020-05-31,Gorontalo,25,1,3,21,95,6,30,59,11257,1180651,104.88,25.0,1
21220,2020-06-01,Gorontalo,0,0,0,0,95,6,30,59,11257,1180651,104.88,0.0,0
21221,2020-06-02,Gorontalo,14,0,3,11,109,6,33,70,11257,1180651,104.88,0.0,0
21222,2020-06-03,Gorontalo,10,0,0,10,119,6,33,80,11257,1180651,104.88,0.7142857142857143,0
21223,2020-06-04,Gorontalo,3,0,1,2,122,6,34,82,11257,1180651,104.88,0.3,0
21224,2020-06-05,Gorontalo,0,0,4,-4,122,6,38,78,11257,1180651,104.88,0.0,0
21225,2020-06-06,Gorontalo,5,0,21,-16,127,6,59,62,11257,1180651,104.88,0.0,0
21226,2020-06-07,Gorontalo,8,0,4,4,135,6,63,66,11257,1180651,104.88,1.6,1
21227,2020-06-08,Gorontalo,0,1,4,-5,135,7,67,61,11257,1180651,104.88,0.0,0
21228,2020-06-09,Gorontalo,5,0,7,-2,140,7,74,59,11257,1180651,104.88,0.0,0
21229,2020-06-10,Gorontalo,6,0,2,4,146,7,76,63,11257,1180651,104.88,1.2,1
21230,2020-06-11,Gorontalo,3,0,10,-7,149,7,86,56,11257,1180651,104.88,0.5,0
21231,2020-06-12,Gorontalo,33,0,1,32,182,7,87,88,11257,1180651,104.88,11.0,1
21232,2020-06-13,Gorontalo,4,1,0,3,186,8,87,91,11257,1180651,104.88,0.12121212121212122,0
21233,2020-06-14,Gorontalo,0,0,8,-8,186,8,95,83,11257,1180651,104.88,0.0,0
21234,2020-06-15,Gorontalo,23,0,1,22,209,8,96,105,11257,1180651,104.88,0.0,0
21235,2020-06-16,Gorontalo,6,0,2,4,215,8,98,109,11257,1180651,104.88,0.2608695652173913,0
21236,2020-06-17,Gorontalo,0,0,32,-32,215,8,130,77,11257,1180651,104.88,0.0,0
21237,2020-06-18,Gorontalo,0,0,0,0,215,8,130,77,11257,1180651,104.88,0.0,0
21238,2020-06-19,Gorontalo,6,0,0,6,221,8,130,83,11257,1180651,104.88,0.0,0
21239,2020-06-20,Gorontalo,0,0,13,-13,221,8,143,70,11257,1180651,104.88,0.0,0
21240,2020-06-21,Gorontalo,7,0,1,6,228,8,144,76,11257,1180651,104.88,0.0,0
21241,2020-06-22,Gorontalo,3,0,5,-2,231,8,149,74,11257,1180651,104.88,0.42857142857142855,0
21242,2020-06-23,Gorontalo,1,0,30,-29,232,8,179,45,11257,1180651,104.88,0.3333333333333333,0
21243,2020-06-24,Gorontalo,7,0,0,7,239,8,179,52,11257,1180651,104.88,7.0,1
21244,2020-06-25,Gorontalo,5,0,26,-21,244,8,205,31,11257,1180651,104.88,0.7142857142857143,0
21245,2020-06-26,Gorontalo,0,0,0,0,244,8,205,31,11257,1180651,104.88,0.0,0
21246,2020-06-27,Gorontalo,0,0,0,0,244,8,205,31,11257,1180651,104.88,0.0,0
21247,2020-06-28,Gorontalo,0,0,0,0,244,8,205,31,11257,1180651,104.88,0.0,0
21248,2020-06-29,Gorontalo,0,1,12,-13,244,9,217,18,11257,1180651,104.88,0.0,0
21249,2020-06-30,Gorontalo,6,1,0,5,250,10,217,23,11257,1180651,104.88,0.0,0
21250,2020-07-01,Gorontalo,0,1,10,-11,250,11,227,12,11257,1180651,104.88,0.0,0
21251,2020-07-02,Gorontalo,7,0,3,4,257,11,230,16,11257,1180651,104.88,0.0,0
21252,2020-07-03,Gorontalo,5,0,0,5,262,11,230,21,11257,1180651,104.88,0.7142857142857143,0
21253,2020-07-04,Gorontalo,8,0,1,7,270,11,231,28,11257,1180651,104.88,1.6,1
21254,2020-07-05,Gorontalo,0,0,0,0,270,11,231,28,11257,1180651,104.88,0.0,0
21255,2020-07-06,Gorontalo,2,2,0,0,272,13,231,28,11257,1180651,104.88,0.0,0
21256,2020-07-07,Gorontalo,5,2,0,3,277,15,231,31,11257,1180651,104.88,2.5,1
21257,2020-07-08,Gorontalo,10,2,0,8,287,17,231,39,11257,1180651,104.88,2.0,1
21258,2020-07-09,Gorontalo,0,0,0,0,287,17,231,39,11257,1180651,104.88,0.0,0
21259,2020-07-10,Gorontalo,30,0,2,28,317,17,233,67,11257,1180651,104.88,0.0,0
21260,2020-07-11,Gorontalo,29,0,1,28,346,17,234,95,11257,1180651,104.88,0.9666666666666667,0
21261,2020-07-12,Gorontalo,14,0,2,12,360,17,236,107,11257,1180651,104.88,0.4827586206896552,0
21262,2020-07-13,Gorontalo,4,3,5,-4,364,20,241,103,11257,1180651,104.88,0.2857142857142857,0
21263,2020-07-14,Gorontalo,22,0,7,15,386,20,248,118,11257,1180651,104.88,5.5,1
21264,2020-07-15,Gorontalo,7,0,13,-6,393,20,261,112,11257,1180651,104.88,0.3181818181818182,0
21265,2020-07-16,Gorontalo,24,1,9,14,417,21,270,126,11257,1180651,104.88,3.4285714285714284,1
21266,2020-07-17,Gorontalo,9,3,35,-29,426,24,305,97,11257,1180651,104.88,0.375,0
21267,2020-07-18,Gorontalo,1,2,3,-4,427,26,308,93,11257,1180651,104.88,0.1111111111111111,0
21268,2020-07-19,Gorontalo,6,0,7,-1,433,26,315,92,11257,1180651,104.88,6.0,1
21269,2020-07-20,Gorontalo,105,2,0,103,538,28,315,195,11257,1180651,104.88,17.5,1
21270,2020-07-21,Gorontalo,79,1,0,78,617,29,315,273,11257,1180651,104.88,0.7523809523809524,0
21271,2020-07-22,Gorontalo,0,1,0,-1,617,30,315,272,11257,1180651,104.88,0.0,0
21272,2020-07-23,Gorontalo,4,1,11,-8,621,31,326,264,11257,1180651,104.88,0.0,0
21273,2020-07-24,Gorontalo,74,0,11,63,695,31,337,327,11257,1180651,104.88,18.5,1
21274,2020-07-25,Gorontalo,102,0,13,89,797,31,350,416,11257,1180651,104.88,1.3783783783783783,1
21275,2020-07-26,Gorontalo,24,2,35,-13,821,33,385,403,11257,1180651,104.88,0.23529411764705882,0
21276,2020-07-27,Gorontalo,31,0,15,16,852,33,400,419,11257,1180651,104.88,1.2916666666666667,1
21277,2020-07-28,Gorontalo,4,0,42,-38,856,33,442,381,11257,1180651,104.88,0.12903225806451613,0
21278,2020-07-29,Gorontalo,102,0,11,91,958,33,453,472,11257,1180651,104.88,25.5,1
21279,2020-07-30,Gorontalo,58,0,18,40,1016,33,471,512,11257,1180651,104.88,0.5686274509803921,0
21280,2020-07-31,Gorontalo,0,0,76,-76,1016,33,547,436,11257,1180651,104.88,0.0,0
21281,2020-08-01,Gorontalo,142,1,45,96,1158,34,592,532,11257,1180651,104.88,0.0,0
21282,2020-08-02,Gorontalo,127,0,61,66,1285,34,653,598,11257,1180651,104.88,0.8943661971830986,0
21283,2020-08-03,Gorontalo,37,1,49,-13,1322,35,702,585,11257,1180651,104.88,0.29133858267716534,0
21284,2020-08-04,Gorontalo,65,2,63,0,1387,37,765,585,11257,1180651,104.88,1.7567567567567568,1
21285,2020-08-05,Gorontalo,40,0,31,9,1427,37,796,594,11257,1180651,104.88,0.6153846153846154,0
21286,2020-08-06,Gorontalo,4,0,121,-117,1431,37,917,477,11257,1180651,104.88,0.1,0
21287,2020-08-07,Gorontalo,38,0,102,-64,1469,37,1019,413,11257,1180651,104.88,9.5,1
21288,2020-08-08,Gorontalo,80,0,98,-18,1549,37,1117,395,11257,1180651,104.88,2.1052631578947367,1
21289,2020-08-09,Gorontalo,7,2,0,5,1556,39,1117,400,11257,1180651,104.88,0.0875,0
21290,2020-08-10,Gorontalo,58,1,19,38,1614,40,1136,438,11257,1180651,104.88,8.285714285714286,1
21291,2020-08-11,Gorontalo,3,0,56,-53,1617,40,1192,385,11257,1180651,104.88,0.05172413793103448,0
21292,2020-08-12,Gorontalo,47,1,32,14,1664,41,1224,399,11257,1180651,104.88,15.666666666666666,1
21293,2020-08-13,Gorontalo,8,0,24,-16,1672,41,1248,383,11257,1180651,104.88,0.1702127659574468,0
21294,2020-08-14,Gorontalo,3,2,25,-24,1675,43,1273,359,11257,1180651,104.88,0.375,0
21295,2020-08-15,Gorontalo,40,1,18,21,1715,44,1291,380,11257,1180651,104.88,13.333333333333334,1
21296,2020-08-16,Gorontalo,6,0,16,-10,1721,44,1307,370,11257,1180651,104.88,0.15,0
21297,2020-08-17,Gorontalo,67,2,4,61,1788,46,1311,431,11257,1180651,104.88,11.166666666666666,1
21298,2020-08-18,Gorontalo,33,0,52,-19,1821,46,1363,412,11257,1180651,104.88,0.4925373134328358,0
21299,2020-08-19,Gorontalo,54,0,39,15,1875,46,1402,427,11257,1180651,104.88,1.6363636363636365,1
21300,2020-08-20,Gorontalo,0,0,47,-47,1875,46,1449,380,11257,1180651,104.88,0.0,0
21301,2020-08-21,Gorontalo,12,2,28,-18,1887,48,1477,362,11257,1180651,104.88,0.0,0
21302,2020-08-22,Gorontalo,0,0,32,-32,1887,48,1509,330,11257,1180651,104.88,0.0,0
21303,2020-08-23,Gorontalo,72,1,7,64,1959,49,1516,394,11257,1180651,104.88,0.0,0
21304,2020-08-24,Gorontalo,0,1,50,-51,1959,50,1566,343,11257,1180651,104.88,0.0,0
21305,2020-08-25,Gorontalo,11,0,0,11,1970,50,1566,354,11257,1180651,104.88,0.0,0
21306,2020-08-26,Gorontalo,0,0,27,-27,1970,50,1593,327,11257,1180651,104.88,0.0,0
21307,2020-08-27,Gorontalo,53,0,11,42,2023,50,1604,369,11257,1180651,104.88,0.0,0
21308,2020-08-28,Gorontalo,12,1,151,-140,2035,51,1755,229,11257,1180651,104.88,0.22641509433962265,0
21309,2020-08-29,Gorontalo,6,2,13,-9,2041,53,1768,220,11257,1180651,104.88,0.5,0
21310,2020-08-30,Gorontalo,0,0,5,-5,2041,53,1773,215,11257,1180651,104.88,0.0,0
21311,2020-08-31,Gorontalo,0,1,16,-17,2041,54,1789,198,11257,1180651,104.88,0.0,0
21312,2020-09-01,Gorontalo,34,0,27,7,2075,54,1816,205,11257,1180651,104.88,0.0,0
21313,2020-09-02,Gorontalo,15,0,17,-2,2090,54,1833,203,11257,1180651,104.88,0.4411764705882353,0
21314,2020-09-03,Gorontalo,61,1,16,44,2151,55,1849,247,11257,1180651,104.88,4.066666666666666,1
21315,2020-09-04,Gorontalo,9,0,6,3,2160,55,1855,250,11257,1180651,104.88,0.14754098360655737,0
21316,2020-09-05,Gorontalo,22,4,20,-2,2182,59,1875,248,11257,1180651,104.88,2.4444444444444446,1
21317,2020-09-06,Gorontalo,4,0,4,0,2186,59,1879,248,11257,1180651,104.88,0.18181818181818182,0
21318,2020-09-07,Gorontalo,15,0,26,-11,2201,59,1905,237,11257,1180651,104.88,3.75,1
21319,2020-09-08,Gorontalo,24,1,11,12,2225,60,1916,249,11257,1180651,104.88,1.6,1
21320,2020-09-09,Gorontalo,16,0,7,9,2241,60,1923,258,11257,1180651,104.88,0.6666666666666666,0
21321,2020-09-10,Gorontalo,28,1,28,-1,2269,61,1951,257,11257,1180651,104.88,1.75,1
21322,2020-09-11,Gorontalo,2,1,8,-7,2271,62,1959,250,11257,1180651,104.88,0.07142857142857142,0
21323,2020-09-12,Gorontalo,11,0,8,3,2282,62,1967,253,11257,1180651,104.88,5.5,1
21324,2020-09-13,Gorontalo,32,2,4,26,2314,64,1971,279,11257,1180651,104.88,2.909090909090909,1
21325,2020-09-14,Gorontalo,0,2,48,-50,2314,66,2019,229,11257,1180651,104.88,0.0,0
21326,2020-09-15,Gorontalo,16,0,39,-23,2330,66,2058,206,11257,1180651,104.88,0.0,0
21327,2020-09-16,Gorontalo,6,0,23,-17,2336,66,2081,189,11257,1180651,104.88,0.375,0
21328,2020-09-17,Gorontalo,5,0,11,-6,2341,66,2092,183,11257,1180651,104.88,0.8333333333333334,0
21329,2020-09-18,Gorontalo,12,2,17,-7,2353,68,2109,176,11257,1180651,104.88,2.4,1
21330,2020-09-19,Gorontalo,22,0,12,10,2375,68,2121,186,11257,1180651,104.88,1.8333333333333333,1
21331,2020-09-20,Gorontalo,60,0,3,57,2435,68,2124,243,11257,1180651,104.88,2.727272727272727,1
21332,2020-09-21,Gorontalo,2,0,20,-18,2437,68,2144,225,11257,1180651,104.88,0.03333333333333333,0
21333,2020-09-22,Gorontalo,4,2,11,-9,2441,70,2155,216,11257,1180651,104.88,2.0,1
21334,2020-09-23,Gorontalo,48,2,15,31,2489,72,2170,247,11257,1180651,104.88,12.0,1
21335,2020-09-24,Gorontalo,0,0,21,-21,2489,72,2191,226,11257,1180651,104.88,0.0,0
21336,2020-09-25,Gorontalo,45,2,9,34,2534,74,2200,260,11257,1180651,104.88,0.0,0
21337,2020-09-26,Gorontalo,5,0,6,-1,2539,74,2206,259,11257,1180651,104.88,0.1111111111111111,0
21338,2020-09-27,Gorontalo,33,0,12,21,2572,74,2218,280,11257,1180651,104.88,6.6,1
21339,2020-09-28,Gorontalo,87,0,10,77,2659,74,2228,357,11257,1180651,104.88,2.6363636363636362,1
21340,2020-09-29,Gorontalo,12,0,16,-4,2671,74,2244,353,11257,1180651,104.88,0.13793103448275862,0
21341,2020-09-30,Gorontalo,82,1,20,61,2753,75,2264,414,11257,1180651,104.88,6.833333333333333,1
21342,2020-10-01,Gorontalo,6,0,35,-29,2759,75,2299,385,11257,1180651,104.88,0.07317073170731707,0
21343,2020-10-02,Gorontalo,16,0,21,-5,2775,75,2320,380,11257,1180651,104.88,2.6666666666666665,1
21344,2020-10-03,Gorontalo,0,0,9,-9,2775,75,2329,371,11257,1180651,104.88,0.0,0
21345,2020-10-04,Gorontalo,41,0,31,10,2816,75,2360,381,11257,1180651,104.88,0.0,0
21346,2020-10-05,Gorontalo,23,1,33,-11,2839,76,2393,370,11257,1180651,104.88,0.5609756097560976,0
21347,2020-10-06,Gorontalo,0,0,27,-27,2839,76,2420,343,11257,1180651,104.88,0.0,0
21348,2020-10-07,Gorontalo,83,0,24,59,2922,76,2444,402,11257,1180651,104.88,0.0,0
21349,2020-10-08,Gorontalo,9,1,0,8,2931,77,2444,410,11257,1180651,104.88,0.10843373493975904,0
21350,2020-10-09,Gorontalo,2,0,106,-104,2933,77,2550,306,11257,1180651,104.88,0.2222222222222222,0
21351,2020-10-10,Gorontalo,7,0,28,-21,2940,77,2578,285,11257,1180651,104.88,3.5,1
21352,2020-10-11,Gorontalo,7,0,36,-29,2947,77,2614,256,11257,1180651,104.88,1.0,1
21353,2020-10-12,Gorontalo,2,0,46,-44,2949,77,2660,212,11257,1180651,104.88,0.2857142857142857,0
21354,2020-10-13,Gorontalo,0,0,36,-36,2949,77,2696,176,11257,1180651,104.88,0.0,0
21355,2020-10-14,Gorontalo,10,0,16,-6,2959,77,2712,170,11257,1180651,104.88,0.0,0
21356,2020-10-15,Gorontalo,1,1,48,-48,2960,78,2760,122,11257,1180651,104.88,0.1,0
21357,2020-10-16,Gorontalo,4,0,0,4,2964,78,2760,126,11257,1180651,104.88,4.0,1
21358,2020-10-17,Gorontalo,0,0,17,-17,2964,78,2777,109,11257,1180651,104.88,0.0,0
21359,2020-10-18,Gorontalo,3,0,0,3,2967,78,2777,112,11257,1180651,104.88,0.0,0
21360,2020-10-19,Gorontalo,2,0,22,-20,2969,78,2799,92,11257,1180651,104.88,0.6666666666666666,0
21361,2020-10-20,Gorontalo,0,1,1,-2,2969,79,2800,90,11257,1180651,104.88,0.0,0
21362,2020-10-21,Gorontalo,3,1,4,-2,2972,80,2804,88,11257,1180651,104.88,0.0,0
21363,2020-10-22,Gorontalo,3,0,13,-10,2975,80,2817,78,11257,1180651,104.88,1.0,1
21364,2020-10-23,Gorontalo,0,0,0,0,2975,80,2817,78,11257,1180651,104.88,0.0,0
21365,2020-10-24,Gorontalo,7,0,2,5,2982,80,2819,83,11257,1180651,104.88,0.0,0
21366,2020-10-25,Gorontalo,19,4,18,-3,3001,84,2837,80,11257,1180651,104.88,2.7142857142857144,1
21367,2020-10-26,Gorontalo,2,0,3,-1,3003,84,2840,79,11257,1180651,104.88,0.10526315789473684,0
21368,2020-10-27,Gorontalo,2,0,1,1,3005,84,2841,80,11257,1180651,104.88,1.0,1
21369,2020-10-28,Gorontalo,2,0,0,2,3007,84,2841,82,11257,1180651,104.88,1.0,1
21370,2020-10-29,Gorontalo,0,0,6,-6,3007,84,2847,76,11257,1180651,104.88,0.0,0
21371,2020-10-30,Gorontalo,10,0,2,8,3017,84,2849,84,11257,1180651,104.88,0.0,0
21372,2020-10-31,Gorontalo,0,0,5,-5,3017,84,2854,79,11257,1180651,104.88,0.0,0
21373,2020-11-01,Gorontalo,4,0,1,3,3021,84,2855,82,11257,1180651,104.88,0.0,0
21374,2020-11-02,Gorontalo,0,0,6,-6,3021,84,2861,76,11257,1180651,104.88,0.0,0
21375,2020-11-03,Gorontalo,10,1,2,7,3031,85,2863,83,11257,1180651,104.88,0.0,0
21376,2020-11-04,Gorontalo,0,0,5,-5,3031,85,2868,78,11257,1180651,104.88,0.0,0
21377,2020-11-05,Gorontalo,0,0,0,0,3031,85,2868,78,11257,1180651,104.88,0.0,0
21378,2020-11-06,Gorontalo,1,0,5,-4,3032,85,2873,74,11257,1180651,104.88,0.0,0
21379,2020-11-07,Gorontalo,5,0,0,5,3037,85,2873,79,11257,1180651,104.88,5.0,1
21380,2020-11-08,Gorontalo,8,0,1,7,3045,85,2874,86,11257,1180651,104.88,1.6,1
21381,2020-11-09,Gorontalo,4,0,3,1,3049,85,2877,87,11257,1180651,104.88,0.5,0
21382,2020-11-10,Gorontalo,0,0,3,-3,3049,85,2880,84,11257,1180651,104.88,0.0,0
21383,2020-11-11,Gorontalo,0,0,0,0,3049,85,2880,84,11257,1180651,104.88,0.0,0
21384,2020-11-12,Gorontalo,5,0,14,-9,3054,85,2894,75,11257,1180651,104.88,0.0,0
21385,2020-11-13,Gorontalo,0,0,1,-1,3054,85,2895,74,11257,1180651,104.88,0.0,0
21386,2020-11-14,Gorontalo,0,2,1,-3,3054,87,2896,71,11257,1180651,104.88,0.0,0
21387,2020-11-15,Gorontalo,0,0,1,-1,3054,87,2897,70,11257,1180651,104.88,0.0,0
21388,2020-11-16,Gorontalo,0,1,4,-5,3054,88,2901,65,11257,1180651,104.88,0.0,0
21389,2020-11-17,Gorontalo,0,0,7,-7,3054,88,2908,58,11257,1180651,104.88,0.0,0
21390,2020-11-18,Gorontalo,3,0,3,0,3057,88,2911,58,11257,1180651,104.88,0.0,0
21391,2020-11-19,Gorontalo,0,0,0,0,3057,88,2911,58,11257,1180651,104.88,0.0,0
21392,2020-11-20,Gorontalo,0,0,0,0,3057,88,2911,58,11257,1180651,104.88,0.0,0
21393,2020-11-21,Gorontalo,0,0,2,-2,3057,88,2913,56,11257,1180651,104.88,0.0,0
21394,2020-11-22,Gorontalo,5,0,0,5,3062,88,2913,61,11257,1180651,104.88,0.0,0
21395,2020-11-23,Gorontalo,1,0,48,-47,3063,88,2961,14,11257,1180651,104.88,0.2,0
21396,2020-11-24,Gorontalo,2,0,0,2,3065,88,2961,16,11257,1180651,104.88,2.0,1
21397,2020-11-25,Gorontalo,0,0,0,0,3065,88,2961,16,11257,1180651,104.88,0.0,0
21398,2020-11-26,Gorontalo,8,0,0,8,3073,88,2961,24,11257,1180651,104.88,0.0,0
21399,2020-11-27,Gorontalo,0,0,0,0,3073,88,2961,24,11257,1180651,104.88,0.0,0
21400,2020-11-28,Gorontalo,18,1,7,10,3091,89,2968,34,11257,1180651,104.88,0.0,0
21401,2020-11-29,Gorontalo,19,2,1,16,3110,91,2969,50,11257,1180651,104.88,1.0555555555555556,1
21402,2020-11-30,Gorontalo,0,0,3,-3,3110,91,2972,47,11257,1180651,104.88,0.0,0
21403,2020-12-01,Gorontalo,0,0,0,0,3110,91,2972,47,11257,1180651,104.88,0.0,0
21404,2020-12-02,Gorontalo,29,0,0,29,3139,91,2972,76,11257,1180651,104.88,0.0,0
21405,2020-12-03,Gorontalo,18,0,3,15,3157,91,2975,91,11257,1180651,104.88,0.6206896551724138,0
21406,2020-12-04,Gorontalo,15,0,11,4,3172,91,2986,95,11257,1180651,104.88,0.8333333333333334,0
21407,2020-12-05,Gorontalo,0,0,24,-24,3172,91,3010,71,11257,1180651,104.88,0.0,0
21408,2020-12-06,Gorontalo,91,1,2,88,3263,92,3012,159,11257,1180651,104.88,0.0,0
21409,2020-12-07,Gorontalo,0,0,11,-11,3263,92,3023,148,11257,1180651,104.88,0.0,0
21410,2020-12-08,Gorontalo,3,0,4,-1,3266,92,3027,147,11257,1180651,104.88,0.0,0
21411,2020-12-09,Gorontalo,24,3,60,-39,3290,95,3087,108,11257,1180651,104.88,8.0,1
21412,2020-12-10,Gorontalo,0,0,32,-32,3290,95,3119,76,11257,1180651,104.88,0.0,0
21413,2020-12-11,Gorontalo,5,0,10,-5,3295,95,3129,71,11257,1180651,104.88,0.0,0
21414,2020-12-12,Gorontalo,11,0,6,5,3306,95,3135,76,11257,1180651,104.88,2.2,1
21415,2020-12-13,Gorontalo,0,0,5,-5,3306,95,3140,71,11257,1180651,104.88,0.0,0
21416,2020-12-14,Gorontalo,15,0,6,9,3321,95,3146,80,11257,1180651,104.88,0.0,0
21417,2020-12-15,Gorontalo,1,0,2,-1,3322,95,3148,79,11257,1180651,104.88,0.06666666666666667,0
21418,2020-12-16,Gorontalo,20,1,6,13,3342,96,3154,92,11257,1180651,104.88,20.0,1
21419,2020-12-17,Gorontalo,12,0,27,-15,3354,96,3181,77,11257,1180651,104.88,0.6,0
21420,2020-12-18,Gorontalo,11,0,0,11,3365,96,3181,88,11257,1180651,104.88,0.9166666666666666,0
21421,2020-12-19,Gorontalo,0,0,1,-1,3365,96,3182,87,11257,1180651,104.88,0.0,0
21422,2020-12-20,Gorontalo,3,0,4,-1,3368,96,3186,86,11257,1180651,104.88,0.0,0
21423,2020-12-21,Gorontalo,0,0,3,-3,3368,96,3189,83,11257,1180651,104.88,0.0,0
21424,2020-12-22,Gorontalo,47,1,3,43,3415,97,3192,126,11257,1180651,104.88,0.0,0
21425,2020-12-23,Gorontalo,50,2,0,48,3465,99,3192,174,11257,1180651,104.88,1.0638297872340425,1
21426,2020-12-24,Gorontalo,30,2,9,19,3495,101,3201,193,11257,1180651,104.88,0.6,0
21427,2020-12-25,Gorontalo,64,0,7,57,3559,101,3208,250,11257,1180651,104.88,2.1333333333333333,1
21428,2020-12-26,Gorontalo,44,0,1,43,3603,101,3209,293,11257,1180651,104.88,0.6875,0
21429,2020-12-27,Gorontalo,0,0,38,-38,3603,101,3247,255,11257,1180651,104.88,0.0,0
21430,2020-12-28,Gorontalo,73,0,3,70,3676,101,3250,325,11257,1180651,104.88,0.0,0
21431,2020-12-29,Gorontalo,12,0,16,-4,3688,101,3266,321,11257,1180651,104.88,0.1643835616438356,0
21432,2020-12-30,Gorontalo,7,0,20,-13,3695,101,3286,308,11257,1180651,104.88,0.5833333333333334,0
21433,2020-12-31,Gorontalo,146,3,25,118,3841,104,3311,426,11257,1180651,104.88,20.857142857142858,1
21434,2021-01-01,Gorontalo,25,0,16,9,3866,104,3327,435,11257,1180651,104.88,0.17123287671232876,0
21435,2021-01-02,Gorontalo,0,0,30,-30,3866,104,3357,405,11257,1180651,104.88,0.0,0
21436,2021-01-03,Gorontalo,1,0,35,-34,3867,104,3392,371,11257,1180651,104.88,0.0,0
21437,2021-01-04,Gorontalo,13,0,16,-3,3880,104,3408,368,11257,1180651,104.88,13.0,1
21438,2021-01-05,Gorontalo,8,0,33,-25,3888,104,3441,343,11257,1180651,104.88,0.6153846153846154,0
21439,2021-01-06,Gorontalo,0,0,22,-22,3888,104,3463,321,11257,1180651,104.88,0.0,0
21440,2021-01-07,Gorontalo,46,0,67,-21,3934,104,3530,300,11257,1180651,104.88,0.0,0
21441,2021-01-08,Gorontalo,15,1,32,-18,3949,105,3562,282,11257,1180651,104.88,0.32608695652173914,0
21442,2021-01-09,Gorontalo,12,0,4,8,3961,105,3566,290,11257,1180651,104.88,0.8,0
21443,2021-01-10,Gorontalo,8,1,44,-37,3969,106,3610,253,11257,1180651,104.88,0.6666666666666666,0
21444,2021-01-11,Gorontalo,11,0,21,-10,3980,106,3631,243,11257,1180651,104.88,1.375,1
21445,2021-01-12,Gorontalo,31,0,10,21,4011,106,3641,264,11257,1180651,104.88,2.8181818181818183,1
21446,2021-01-13,Gorontalo,0,0,24,-24,4011,106,3665,240,11257,1180651,104.88,0.0,0
21447,2021-01-14,Gorontalo,43,0,24,19,4054,106,3689,259,11257,1180651,104.88,0.0,0
21448,2021-01-15,Gorontalo,3,0,4,-1,4057,106,3693,258,11257,1180651,104.88,0.06976744186046512,0
21449,2021-01-16,Gorontalo,8,0,0,8,4065,106,3693,266,11257,1180651,104.88,2.6666666666666665,1
21450,2021-01-17,Gorontalo,9,0,0,9,4074,106,3693,275,11257,1180651,104.88,1.125,1
21451,2021-01-18,Gorontalo,6,1,151,-146,4080,107,3844,129,11257,1180651,104.88,0.6666666666666666,0
21452,2021-01-19,Gorontalo,28,0,27,1,4108,107,3871,130,11257,1180651,104.88,4.666666666666667,1
21453,2021-01-20,Gorontalo,14,1,9,4,4122,108,3880,134,11257,1180651,104.88,0.5,0
21454,2021-01-21,Gorontalo,7,0,2,5,4129,108,3882,139,11257,1180651,104.88,0.5,0
21455,2021-01-22,Gorontalo,13,0,7,6,4142,108,3889,145,11257,1180651,104.88,1.8571428571428572,1
21456,2021-01-23,Gorontalo,16,2,3,11,4158,110,3892,156,11257,1180651,104.88,1.2307692307692308,1
21457,2021-01-24,Gorontalo,3,0,0,3,4161,110,3892,159,11257,1180651,104.88,0.1875,0
21458,2021-01-25,Gorontalo,7,0,25,-18,4168,110,3917,141,11257,1180651,104.88,2.3333333333333335,1
21459,2021-01-26,Gorontalo,4,2,7,-5,4172,112,3924,136,11257,1180651,104.88,0.5714285714285714,0
21460,2021-01-27,Gorontalo,1,1,7,-7,4173,113,3931,129,11257,1180651,104.88,0.25,0
21461,2021-01-28,Gorontalo,55,1,3,51,4228,114,3934,180,11257,1180651,104.88,55.0,1
21462,2021-01-29,Gorontalo,16,1,15,0,4244,115,3949,180,11257,1180651,104.88,0.2909090909090909,0
21463,2021-01-30,Gorontalo,39,0,14,25,4283,115,3963,205,11257,1180651,104.88,2.4375,1
21464,2021-01-31,Gorontalo,25,0,2,23,4308,115,3965,228,11257,1180651,104.88,0.6410256410256411,0
21465,2021-02-01,Gorontalo,3,2,9,-8,4311,117,3974,220,11257,1180651,104.88,0.12,0
21466,2021-02-02,Gorontalo,59,2,9,48,4370,119,3983,268,11257,1180651,104.88,19.666666666666668,1
21467,2021-02-03,Gorontalo,30,0,6,24,4400,119,3989,292,11257,1180651,104.88,0.5084745762711864,0
21468,2021-02-04,Gorontalo,23,1,12,10,4423,120,4001,302,11257,1180651,104.88,0.7666666666666667,0
21469,2021-02-05,Gorontalo,14,0,3,11,4437,120,4004,313,11257,1180651,104.88,0.6086956521739131,0
21470,2021-02-06,Gorontalo,11,1,14,-4,4448,121,4018,309,11257,1180651,104.88,0.7857142857142857,0
21471,2021-02-07,Gorontalo,22,1,20,1,4470,122,4038,310,11257,1180651,104.88,2.0,1
21472,2021-02-08,Gorontalo,0,0,17,-17,4470,122,4055,293,11257,1180651,104.88,0.0,0
21473,2021-02-09,Gorontalo,31,0,17,14,4501,122,4072,307,11257,1180651,104.88,0.0,0
21474,2021-02-10,Gorontalo,26,0,21,5,4527,122,4093,312,11257,1180651,104.88,0.8387096774193549,0
21475,2021-02-11,Gorontalo,14,0,62,-48,4541,122,4155,264,11257,1180651,104.88,0.5384615384615384,0
21476,2021-02-12,Gorontalo,29,1,9,19,4570,123,4164,283,11257,1180651,104.88,2.0714285714285716,1
21477,2021-02-13,Gorontalo,4,0,27,-23,4574,123,4191,260,11257,1180651,104.88,0.13793103448275862,0
21478,2021-02-14,Gorontalo,19,0,11,8,4593,123,4202,268,11257,1180651,104.88,4.75,1
21479,2021-02-15,Gorontalo,19,1,10,8,4612,124,4212,276,11257,1180651,104.88,1.0,1
21480,2021-02-16,Gorontalo,22,0,3,19,4634,124,4215,295,11257,1180651,104.88,1.1578947368421053,1
21481,2021-02-17,Gorontalo,4,0,3,1,4638,124,4218,296,11257,1180651,104.88,0.18181818181818182,0
21482,2021-02-18,Gorontalo,10,2,11,-3,4648,126,4229,293,11257,1180651,104.88,2.5,1
21483,2021-02-19,Gorontalo,47,0,13,34,4695,126,4242,327,11257,1180651,104.88,4.7,1
21484,2021-02-20,Gorontalo,6,0,12,-6,4701,126,4254,321,11257,1180651,104.88,0.1276595744680851,0
21485,2021-02-21,Gorontalo,18,2,9,7,4719,128,4263,328,11257,1180651,104.88,3.0,1
21486,2021-02-22,Gorontalo,2,0,17,-15,4721,128,4280,313,11257,1180651,104.88,0.1111111111111111,0
21487,2021-02-23,Gorontalo,10,3,12,-5,4731,131,4292,308,11257,1180651,104.88,5.0,1
21488,2021-02-24,Gorontalo,2,0,9,-7,4733,131,4301,301,11257,1180651,104.88,0.2,0
21489,2021-02-25,Gorontalo,22,2,22,-2,4755,133,4323,299,11257,1180651,104.88,11.0,1
21490,2021-02-26,Gorontalo,19,0,17,2,4774,133,4340,301,11257,1180651,104.88,0.8636363636363636,0
21491,2021-02-27,Gorontalo,2,2,11,-11,4776,135,4351,290,11257,1180651,104.88,0.10526315789473684,0
21492,2021-02-28,Gorontalo,18,0,10,8,4794,135,4361,298,11257,1180651,104.88,9.0,1
21493,2021-03-01,Gorontalo,4,1,20,-17,4798,136,4381,281,11257,1180651,104.88,0.2222222222222222,0
21494,2021-03-02,Gorontalo,4,0,16,-12,4802,136,4397,269,11257,1180651,104.88,1.0,1
21495,2021-03-03,Gorontalo,17,0,6,11,4819,136,4403,280,11257,1180651,104.88,4.25,1
21496,2021-03-04,Gorontalo,23,0,7,16,4842,136,4410,296,11257,1180651,104.88,1.3529411764705883,1
21497,2021-03-05,Gorontalo,9,0,17,-8,4851,136,4427,288,11257,1180651,104.88,0.391304347826087,0
21498,2021-03-06,Gorontalo,13,1,10,2,4864,137,4437,290,11257,1180651,104.88,1.4444444444444444,1
21499,2021-03-07,Gorontalo,2,1,0,1,4866,138,4437,291,11257,1180651,104.88,0.15384615384615385,0
21500,2021-03-08,Gorontalo,0,0,4,-4,4866,138,4441,287,11257,1180651,104.88,0.0,0
21501,2021-03-09,Gorontalo,0,0,21,-21,4866,138,4462,266,11257,1180651,104.88,0.0,0
21502,2021-03-10,Gorontalo,14,0,2,12,4880,138,4464,278,11257,1180651,104.88,0.0,0
21503,2021-03-11,Gorontalo,0,1,3,-4,4880,139,4467,274,11257,1180651,104.88,0.0,0
21504,2021-03-12,Gorontalo,23,0,27,-4,4903,139,4494,270,11257,1180651,104.88,0.0,0
21505,2021-03-13,Gorontalo,51,1,23,27,4954,140,4517,297,11257,1180651,104.88,2.217391304347826,1
21506,2021-03-14,Gorontalo,7,0,3,4,4961,140,4520,301,11257,1180651,104.88,0.13725490196078433,0
21507,2021-03-15,Gorontalo,3,0,6,-3,4964,140,4526,298,11257,1180651,104.88,0.42857142857142855,0
21508,2021-03-16,Gorontalo,3,1,5,-3,4967,141,4531,295,11257,1180651,104.88,1.0,1
21509,2021-03-17,Gorontalo,16,0,11,5,4983,141,4542,300,11257,1180651,104.88,5.333333333333333,1
21510,2021-03-18,Gorontalo,34,0,155,-121,5017,141,4697,179,11257,1180651,104.88,2.125,1
21511,2021-03-19,Gorontalo,3,0,12,-9,5020,141,4709,170,11257,1180651,104.88,0.08823529411764706,0
21512,2021-03-20,Gorontalo,17,0,5,12,5037,141,4714,182,11257,1180651,104.88,5.666666666666667,1
21513,2021-03-21,Gorontalo,2,1,2,-1,5039,142,4716,181,11257,1180651,104.88,0.11764705882352941,0
21514,2021-03-22,Gorontalo,2,0,16,-14,5041,142,4732,167,11257,1180651,104.88,1.0,1
21515,2021-03-23,Gorontalo,34,0,27,7,5075,142,4759,174,11257,1180651,104.88,17.0,1
21516,2021-03-24,Gorontalo,0,2,2,-4,5075,144,4761,170,11257,1180651,104.88,0.0,0
21517,2021-03-25,Gorontalo,7,0,8,-1,5082,144,4769,169,11257,1180651,104.88,0.0,0
21518,2021-03-26,Gorontalo,21,0,13,8,5103,144,4782,177,11257,1180651,104.88,3.0,1
21519,2021-03-27,Gorontalo,8,1,8,-1,5111,145,4790,176,11257,1180651,104.88,0.38095238095238093,0
21520,2021-03-28,Gorontalo,8,0,0,8,5119,145,4790,184,11257,1180651,104.88,1.0,1
21521,2021-03-29,Gorontalo,2,0,14,-12,5121,145,4804,172,11257,1180651,104.88,0.25,0
21522,2021-03-30,Gorontalo,10,1,24,-15,5131,146,4828,157,11257,1180651,104.88,5.0,1
21523,2021-03-31,Gorontalo,8,0,10,-2,5139,146,4838,155,11257,1180651,104.88,0.8,0
21524,2021-04-01,Gorontalo,23,1,2,20,5162,147,4840,175,11257,1180651,104.88,2.875,1
21525,2021-04-02,Gorontalo,10,0,2,8,5172,147,4842,183,11257,1180651,104.88,0.43478260869565216,0
21526,2021-04-03,Gorontalo,19,0,3,16,5191,147,4845,199,11257,1180651,104.88,1.9,1
21527,2021-04-04,Gorontalo,11,1,7,3,5202,148,4852,202,11257,1180651,104.88,0.5789473684210527,0
21528,2021-04-05,Gorontalo,0,1,11,-12,5202,149,4863,190,11257,1180651,104.88,0.0,0
21529,2021-04-06,Gorontalo,7,1,8,-2,5209,150,4871,188,11257,1180651,104.88,0.0,0
21530,2021-04-07,Gorontalo,16,0,4,12,5225,150,4875,200,11257,1180651,104.88,2.2857142857142856,1
21531,2021-04-08,Gorontalo,0,0,3,-3,5225,150,4878,197,11257,1180651,104.88,0.0,0
21532,2021-04-09,Gorontalo,15,0,5,10,5240,150,4883,207,11257,1180651,104.88,0.0,0
21533,2021-04-10,Gorontalo,7,0,1,6,5247,150,4884,213,11257,1180651,104.88,0.4666666666666667,0
21534,2021-04-11,Gorontalo,10,0,0,10,5257,150,4884,223,11257,1180651,104.88,1.4285714285714286,1
21535,2021-04-12,Gorontalo,1,0,8,-7,5258,150,4892,216,11257,1180651,104.88,0.1,0
21536,2021-04-13,Gorontalo,16,3,26,-13,5274,153,4918,203,11257,1180651,104.88,16.0,1
21537,2021-04-14,Gorontalo,7,3,13,-9,5281,156,4931,194,11257,1180651,104.88,0.4375,0
21538,2021-04-15,Gorontalo,16,1,12,3,5297,157,4943,197,11257,1180651,104.88,2.2857142857142856,1
21539,2021-04-16,Gorontalo,7,0,0,7,5304,157,4943,204,11257,1180651,104.88,0.4375,0
21540,2021-04-17,Gorontalo,12,1,20,-9,5316,158,4963,195,11257,1180651,104.88,1.7142857142857142,1
21541,2021-04-18,Gorontalo,7,0,7,0,5323,158,4970,195,11257,1180651,104.88,0.5833333333333334,0
21542,2021-04-19,Gorontalo,0,1,7,-8,5323,159,4977,187,11257,1180651,104.88,0.0,0
21543,2021-04-20,Gorontalo,9,1,2,6,5332,160,4979,193,11257,1180651,104.88,0.0,0
21544,2021-04-21,Gorontalo,0,1,4,-5,5332,161,4983,188,11257,1180651,104.88,0.0,0
21545,2021-04-22,Gorontalo,6,0,2,4,5338,161,4985,192,11257,1180651,104.88,0.0,0
21546,2021-04-23,Gorontalo,2,0,2,0,5340,161,4987,192,11257,1180651,104.88,0.3333333333333333,0
21547,2021-04-24,Gorontalo,6,0,2,4,5346,161,4989,196,11257,1180651,104.88,3.0,1
21548,2021-04-25,Gorontalo,0,0,0,0,5346,161,4989,196,11257,1180651,104.88,0.0,0
21549,2021-04-26,Gorontalo,9,0,3,6,5355,161,4992,202,11257,1180651,104.88,0.0,0
21550,2021-04-27,Gorontalo,0,0,0,0,5355,161,4992,202,11257,1180651,104.88,0.0,0
21551,2021-04-28,Gorontalo,19,0,30,-11,5374,161,5022,191,11257,1180651,104.88,0.0,0
21552,2021-04-29,Gorontalo,12,0,1,11,5386,161,5023,202,11257,1180651,104.88,0.631578947368421,0
21553,2021-04-30,Gorontalo,8,0,10,-2,5394,161,5033,200,11257,1180651,104.88,0.6666666666666666,0
21554,2021-05-01,Gorontalo,6,4,49,-47,5400,165,5082,153,11257,1180651,104.88,0.75,0
21555,2021-05-02,Gorontalo,0,1,2,-3,5400,166,5084,150,11257,1180651,104.88,0.0,0
21556,2021-05-03,Gorontalo,3,2,3,-2,5403,168,5087,148,11257,1180651,104.88,0.0,0
21557,2021-05-04,Gorontalo,4,0,4,0,5407,168,5091,148,11257,1180651,104.88,1.3333333333333333,1
21558,2021-05-05,Gorontalo,4,0,13,-9,5411,168,5104,139,11257,1180651,104.88,1.0,1
21559,2021-05-06,Gorontalo,11,0,4,7,5422,168,5108,146,11257,1180651,104.88,2.75,1
21560,2021-05-07,Gorontalo,0,1,2,-3,5422,169,5110,143,11257,1180651,104.88,0.0,0
21561,2021-05-08,Gorontalo,2,0,0,2,5424,169,5110,145,11257,1180651,104.88,0.0,0
21562,2021-05-09,Gorontalo,0,1,1,-2,5424,170,5111,143,11257,1180651,104.88,0.0,0
21563,2021-05-10,Gorontalo,0,0,3,-3,5424,170,5114,140,11257,1180651,104.88,0.0,0
21564,2021-05-11,Gorontalo,7,0,3,4,5431,170,5117,144,11257,1180651,104.88,0.0,0
21565,2021-05-12,Gorontalo,0,0,0,0,5431,170,5117,144,11257,1180651,104.88,0.0,0
21566,2021-05-13,Gorontalo,1,0,0,1,5432,170,5117,145,11257,1180651,104.88,0.0,0
21567,2021-05-14,Gorontalo,1,0,2,-1,5433,170,5119,144,11257,1180651,104.88,1.0,1
21568,2021-05-15,Gorontalo,0,0,2,-2,5433,170,5121,142,11257,1180651,104.88,0.0,0
21569,2021-05-16,Gorontalo,3,0,0,3,5436,170,5121,145,11257,1180651,104.88,0.0,0
21570,2021-05-17,Gorontalo,2,0,8,-6,5438,170,5129,139,11257,1180651,104.88,0.6666666666666666,0
21571,2021-05-18,Gorontalo,6,0,0,6,5444,170,5129,145,11257,1180651,104.88,3.0,1
21572,2021-05-19,Gorontalo,5,0,1,4,5449,170,5130,149,11257,1180651,104.88,0.8333333333333334,0
21573,2021-05-20,Gorontalo,0,0,0,0,5449,170,5130,149,11257,1180651,104.88,0.0,0
21574,2021-05-21,Gorontalo,5,0,0,5,5454,170,5130,154,11257,1180651,104.88,0.0,0
21575,2021-05-22,Gorontalo,3,0,0,3,5457,170,5130,157,11257,1180651,104.88,0.6,0
21576,2021-05-23,Gorontalo,5,0,0,5,5462,170,5130,162,11257,1180651,104.88,1.6666666666666667,1
21577,2021-05-24,Gorontalo,2,0,3,-1,5464,170,5133,161,11257,1180651,104.88,0.4,0
21578,2021-05-25,Gorontalo,8,0,3,5,5472,170,5136,166,11257,1180651,104.88,4.0,1
21579,2021-05-26,Gorontalo,1,0,1,0,5473,170,5137,166,11257,1180651,104.88,0.125,0
21580,2021-05-27,Gorontalo,11,0,0,11,5484,170,5137,177,11257,1180651,104.88,11.0,1
21581,2021-05-28,Gorontalo,1,0,0,1,5485,170,5137,178,11257,1180651,104.88,0.09090909090909091,0
21582,2021-05-29,Gorontalo,6,2,102,-98,5491,172,5239,80,11257,1180651,104.88,6.0,1
21583,2021-05-30,Gorontalo,11,0,0,11,5502,172,5239,91,11257,1180651,104.88,1.8333333333333333,1
21584,2021-05-31,Gorontalo,4,0,4,0,5506,172,5243,91,11257,1180651,104.88,0.36363636363636365,0
21585,2021-06-01,Gorontalo,0,0,0,0,5506,172,5243,91,11257,1180651,104.88,0.0,0
21586,2021-06-02,Gorontalo,4,0,9,-5,5510,172,5252,86,11257,1180651,104.88,0.0,0
21587,2021-06-03,Gorontalo,0,0,11,-11,5510,172,5263,75,11257,1180651,104.88,0.0,0
21588,2021-06-04,Gorontalo,2,0,2,0,5512,172,5265,75,11257,1180651,104.88,0.0,0
21589,2021-06-05,Gorontalo,1,0,4,-3,5513,172,5269,72,11257,1180651,104.88,0.5,0
21590,2021-06-06,Gorontalo,10,0,3,7,5523,172,5272,79,11257,1180651,104.88,10.0,1
21591,2021-06-07,Gorontalo,0,0,2,-2,5523,172,5274,77,11257,1180651,104.88,0.0,0
21592,2021-06-08,Gorontalo,0,0,2,-2,5523,172,5276,75,11257,1180651,104.88,0.0,0
21593,2021-06-09,Gorontalo,6,1,2,3,5529,173,5278,78,11257,1180651,104.88,0.0,0
21594,2021-06-10,Gorontalo,15,0,0,15,5544,173,5278,93,11257,1180651,104.88,2.5,1
21595,2021-06-11,Gorontalo,5,0,0,5,5549,173,5278,98,11257,1180651,104.88,0.3333333333333333,0
21596,2021-06-12,Gorontalo,4,3,53,-52,5553,176,5331,46,11257,1180651,104.88,0.8,0
21597,2021-06-13,Gorontalo,4,2,7,-5,5557,178,5338,41,11257,1180651,104.88,1.0,1
21598,2021-06-14,Gorontalo,0,2,1,-3,5557,180,5339,38,11257,1180651,104.88,0.0,0
21599,2021-06-15,Gorontalo,18,0,0,18,5575,180,5339,56,11257,1180651,104.88,0.0,0
21600,2021-06-16,Gorontalo,2,0,0,2,5577,180,5339,58,11257,1180651,104.88,0.1111111111111111,0
21601,2021-06-17,Gorontalo,0,0,1,-1,5577,180,5340,57,11257,1180651,104.88,0.0,0
21602,2021-06-18,Gorontalo,28,0,0,28,5605,180,5340,85,11257,1180651,104.88,0.0,0
21603,2021-06-19,Gorontalo,9,0,0,9,5614,180,5340,94,11257,1180651,104.88,0.32142857142857145,0
21604,2021-06-20,Gorontalo,10,0,0,10,5624,180,5340,104,11257,1180651,104.88,1.1111111111111112,1
21605,2021-06-21,Gorontalo,66,0,0,66,5690,180,5340,170,11257,1180651,104.88,6.6,1
21606,2021-06-22,Gorontalo,0,0,1,-1,5690,180,5341,169,11257,1180651,104.88,0.0,0
21607,2021-06-23,Gorontalo,33,0,1,32,5723,180,5342,201,11257,1180651,104.88,0.0,0
21608,2021-06-24,Gorontalo,0,0,0,0,5723,180,5342,201,11257,1180651,104.88,0.0,0
21609,2021-06-25,Gorontalo,19,0,1,18,5742,180,5343,219,11257,1180651,104.88,0.0,0
21610,2021-06-26,Gorontalo,41,1,13,27,5783,181,5356,246,11257,1180651,104.88,2.1578947368421053,1
21611,2021-06-27,Gorontalo,36,0,14,22,5819,181,5370,268,11257,1180651,104.88,0.8780487804878049,0
21612,2021-06-28,Gorontalo,18,0,5,13,5837,181,5375,281,11257,1180651,104.88,0.5,0
21613,2021-06-29,Gorontalo,10,1,40,-31,5847,182,5415,250,11257,1180651,104.88,0.5555555555555556,0
21614,2021-06-30,Gorontalo,0,0,3,-3,5847,182,5418,247,11257,1180651,104.88,0.0,0
21615,2021-07-01,Gorontalo,27,0,26,1,5874,182,5444,248,11257,1180651,104.88,0.0,0
21616,2021-07-02,Gorontalo,25,2,21,2,5899,184,5465,250,11257,1180651,104.88,0.9259259259259259,0
21617,2021-07-03,Gorontalo,14,0,27,-13,5913,184,5492,237,11257,1180651,104.88,0.56,0
21618,2021-07-04,Gorontalo,0,0,22,-22,5913,184,5514,215,11257,1180651,104.88,0.0,0
21619,2021-07-05,Gorontalo,76,0,18,58,5989,184,5532,273,11257,1180651,104.88,0.0,0
21620,2021-07-06,Gorontalo,37,0,3,34,6026,184,5535,307,11257,1180651,104.88,0.4868421052631579,0
21621,2021-07-07,Gorontalo,86,1,15,70,6112,185,5550,377,11257,1180651,104.88,2.324324324324324,1
21622,2021-07-08,Gorontalo,41,0,7,34,6153,185,5557,411,11257,1180651,104.88,0.47674418604651164,0
21623,2021-07-09,Gorontalo,11,1,26,-16,6164,186,5583,395,11257,1180651,104.88,0.2682926829268293,0
21624,2021-07-10,Gorontalo,25,1,28,-4,6189,187,5611,391,11257,1180651,104.88,2.272727272727273,1
21625,2021-07-11,Gorontalo,0,0,9,-9,6189,187,5620,382,11257,1180651,104.88,0.0,0
21626,2021-07-12,Gorontalo,121,1,0,120,6310,188,5620,502,11257,1180651,104.88,0.0,0
21627,2021-07-13,Gorontalo,56,3,20,33,6366,191,5640,535,11257,1180651,104.88,0.4628099173553719,0
21628,2021-07-14,Gorontalo,56,1,68,-13,6422,192,5708,522,11257,1180651,104.88,1.0,1
21629,2021-07-15,Gorontalo,63,0,17,46,6485,192,5725,568,11257,1180651,104.88,1.125,1
21630,2021-07-16,Gorontalo,153,3,35,115,6638,195,5760,683,11257,1180651,104.88,2.4285714285714284,1
21631,2021-07-17,Gorontalo,53,1,25,27,6691,196,5785,710,11257,1180651,104.88,0.3464052287581699,0
21632,2021-07-18,Gorontalo,102,0,31,71,6793,196,5816,781,11257,1180651,104.88,1.9245283018867925,1
21633,2021-07-19,Gorontalo,134,0,5,129,6927,196,5821,910,11257,1180651,104.88,1.3137254901960784,1
21634,2021-07-20,Gorontalo,22,0,102,-80,6949,196,5923,830,11257,1180651,104.88,0.16417910447761194,0
21635,2021-07-21,Gorontalo,58,0,30,28,7007,196,5953,858,11257,1180651,104.88,2.6363636363636362,1
21636,2021-07-22,Gorontalo,76,7,53,16,7083,203,6006,874,11257,1180651,104.88,1.3103448275862069,1
21637,2021-07-23,Gorontalo,20,1,33,-14,7103,204,6039,860,11257,1180651,104.88,0.2631578947368421,0
21638,2021-07-24,Gorontalo,74,1,20,53,7177,205,6059,913,11257,1180651,104.88,3.7,1
21639,2021-07-25,Gorontalo,33,1,33,-1,7210,206,6092,912,11257,1180651,104.88,0.44594594594594594,0
21640,2021-07-26,Gorontalo,49,0,45,4,7259,206,6137,916,11257,1180651,104.88,1.4848484848484849,1
21641,2021-07-27,Gorontalo,87,5,119,-37,7346,211,6256,879,11257,1180651,104.88,1.7755102040816326,1
21642,2021-07-28,Gorontalo,193,1,24,168,7539,212,6280,1047,11257,1180651,104.88,2.218390804597701,1
21643,2021-07-29,Gorontalo,78,2,130,-54,7617,214,6410,993,11257,1180651,104.88,0.40414507772020725,0
21644,2021-07-30,Gorontalo,186,0,32,154,7803,214,6442,1147,11257,1180651,104.88,2.3846153846153846,1
21645,2021-07-31,Gorontalo,119,13,128,-22,7922,227,6570,1125,11257,1180651,104.88,0.6397849462365591,0
21646,2021-08-01,Gorontalo,200,3,28,169,8122,230,6598,1294,11257,1180651,104.88,1.680672268907563,1
21647,2021-08-02,Gorontalo,94,1,28,65,8216,231,6626,1359,11257,1180651,104.88,0.47,0
21648,2021-08-03,Gorontalo,137,6,155,-24,8353,237,6781,1335,11257,1180651,104.88,1.4574468085106382,1
21649,2021-08-04,Gorontalo,278,4,151,123,8631,241,6932,1458,11257,1180651,104.88,2.0291970802919708,1
21650,2021-08-05,Gorontalo,228,9,72,147,8859,250,7004,1605,11257,1180651,104.88,0.8201438848920863,0
21651,2021-08-06,Gorontalo,157,4,61,92,9016,254,7065,1697,11257,1180651,104.88,0.6885964912280702,0
21652,2021-08-07,Gorontalo,164,8,55,101,9180,262,7120,1798,11257,1180651,104.88,1.0445859872611465,1
21653,2021-08-08,Gorontalo,104,14,139,-49,9284,276,7259,1749,11257,1180651,104.88,0.6341463414634146,0
21654,2021-08-09,Gorontalo,133,1,43,89,9417,277,7302,1838,11257,1180651,104.88,1.2788461538461537,1
21655,2021-08-10,Gorontalo,207,14,69,124,9624,291,7371,1962,11257,1180651,104.88,1.556390977443609,1
21656,2021-08-11,Gorontalo,99,16,208,-125,9723,307,7579,1837,11257,1180651,104.88,0.4782608695652174,0
21657,2021-08-12,Gorontalo,115,4,96,15,9838,311,7675,1852,11257,1180651,104.88,1.1616161616161615,1
21658,2021-08-13,Gorontalo,147,10,133,4,9985,321,7808,1856,11257,1180651,104.88,1.2782608695652173,1
21659,2021-08-14,Gorontalo,169,6,175,-12,10154,327,7983,1844,11257,1180651,104.88,1.1496598639455782,1
21660,2021-08-15,Gorontalo,76,6,115,-45,10230,333,8098,1799,11257,1180651,104.88,0.44970414201183434,0
21661,2021-08-16,Gorontalo,87,8,231,-152,10317,341,8329,1647,11257,1180651,104.88,1.144736842105263,1
21662,2021-08-17,Gorontalo,62,7,119,-64,10379,348,8448,1583,11257,1180651,104.88,0.7126436781609196,0
21663,2021-08-18,Gorontalo,81,4,40,37,10460,352,8488,1620,11257,1180651,104.88,1.3064516129032258,1
21664,2021-08-19,Gorontalo,99,5,165,-71,10559,357,8653,1549,11257,1180651,104.88,1.2222222222222223,1
21665,2021-08-20,Gorontalo,118,14,199,-95,10677,371,8852,1454,11257,1180651,104.88,1.1919191919191918,1
21666,2021-08-21,Gorontalo,47,9,120,-82,10724,380,8972,1372,11257,1180651,104.88,0.3983050847457627,0
21667,2021-08-22,Gorontalo,87,6,177,-96,10811,386,9149,1276,11257,1180651,104.88,1.851063829787234,1
21668,2021-08-23,Gorontalo,39,4,62,-27,10850,390,9211,1249,11257,1180651,104.88,0.4482758620689655,0
21669,2021-08-24,Gorontalo,62,2,149,-89,10912,392,9360,1160,11257,1180651,104.88,1.5897435897435896,1
21670,2021-08-25,Gorontalo,48,4,163,-119,10960,396,9523,1041,11257,1180651,104.88,0.7741935483870968,0
21671,2021-08-26,Gorontalo,60,5,70,-15,11020,401,9593,1026,11257,1180651,104.88,1.25,1
21672,2021-08-27,Gorontalo,55,4,118,-67,11075,405,9711,959,11257,1180651,104.88,0.9166666666666666,0
21673,2021-08-28,Gorontalo,50,3,39,8,11125,408,9750,967,11257,1180651,104.88,0.9090909090909091,0
21674,2021-08-29,Gorontalo,35,0,56,-21,11160,408,9806,946,11257,1180651,104.88,0.7,0
21675,2021-08-30,Gorontalo,15,8,89,-82,11175,416,9895,864,11257,1180651,104.88,0.42857142857142855,0
21676,2021-08-31,Gorontalo,39,6,83,-50,11214,422,9978,814,11257,1180651,104.88,2.6,1
21677,2021-09-01,Gorontalo,28,5,91,-68,11242,427,10069,746,11257,1180651,104.88,0.717948717948718,0
21678,2021-09-02,Gorontalo,35,2,24,9,11277,429,10093,755,11257,1180651,104.88,1.25,1
21679,2021-09-03,Gorontalo,27,3,107,-83,11304,432,10200,672,11257,1180651,104.88,0.7714285714285715,0
21680,2021-09-04,Gorontalo,8,5,101,-98,11312,437,10301,574,11257,1180651,104.88,0.2962962962962963,0
21681,2021-09-05,Gorontalo,28,3,30,-5,11340,440,10331,569,11257,1180651,104.88,3.5,1
21682,2021-09-06,Gorontalo,8,4,96,-92,11348,444,10427,477,11257,1180651,104.88,0.2857142857142857,0
21683,2021-09-07,Gorontalo,38,0,76,-38,11386,444,10503,439,11257,1180651,104.88,4.75,1
21684,2021-09-08,Gorontalo,52,1,18,33,11438,445,10521,472,11257,1180651,104.88,1.368421052631579,1
21685,2021-09-09,Gorontalo,44,0,12,32,11482,445,10533,504,11257,1180651,104.88,0.8461538461538461,0
21686,2021-09-10,Gorontalo,13,0,46,-33,11495,445,10579,471,11257,1180651,104.88,0.29545454545454547,0
21687,2021-09-11,Gorontalo,8,1,31,-24,11503,446,10610,447,11257,1180651,104.88,0.6153846153846154,0
21688,2021-09-12,Gorontalo,7,0,8,-1,11510,446,10618,446,11257,1180651,104.88,0.875,0
21689,2021-09-13,Gorontalo,9,0,70,-61,11519,446,10688,385,11257,1180651,104.88,1.2857142857142858,1
21690,2021-09-14,Gorontalo,22,1,29,-8,11541,447,10717,377,11257,1180651,104.88,2.4444444444444446,1
21691,2021-09-15,Gorontalo,27,1,20,6,11568,448,10737,383,11257,1180651,104.88,1.2272727272727273,1
21692,2021-09-16,Gorontalo,18,1,27,-10,11586,449,10764,373,11257,1180651,104.88,0.6666666666666666,0
21693,2021-09-17,Gorontalo,7,0,13,-6,11593,449,10777,367,11257,1180651,104.88,0.3888888888888889,0
21694,2021-09-18,Gorontalo,13,0,6,7,11606,449,10783,374,11257,1180651,104.88,1.8571428571428572,1
21695,2021-09-19,Gorontalo,6,2,51,-47,11612,451,10834,327,11257,1180651,104.88,0.46153846153846156,0
21696,2021-09-20,Gorontalo,2,0,4,-2,11614,451,10838,325,11257,1180651,104.88,0.3333333333333333,0
21697,2021-09-21,Gorontalo,3,4,68,-69,11617,455,10906,256,11257,1180651,104.88,1.5,1
21698,2021-09-22,Gorontalo,28,3,12,13,11645,458,10918,269,11257,1180651,104.88,9.333333333333334,1
21699,2021-09-23,Gorontalo,43,0,76,-33,11688,458,10994,236,11257,1180651,104.88,1.5357142857142858,1
21700,2021-09-24,Gorontalo,17,0,53,-36,11705,458,11047,200,11257,1180651,104.88,0.3953488372093023,0
21701,2021-09-25,Gorontalo,12,0,24,-12,11717,458,11071,188,11257,1180651,104.88,0.7058823529411765,0
21702,2021-09-26,Gorontalo,6,0,10,-4,11723,458,11081,184,11257,1180651,104.88,0.5,0
21703,2021-09-27,Gorontalo,8,0,10,-2,11731,458,11091,182,11257,1180651,104.88,1.3333333333333333,1
21704,2021-09-28,Gorontalo,1,0,48,-47,11732,458,11139,135,11257,1180651,104.88,0.125,0
21705,2021-09-29,Gorontalo,1,0,11,-10,11733,458,11150,125,11257,1180651,104.88,1.0,1
21706,2021-09-30,Gorontalo,3,0,4,-1,11736,458,11154,124,11257,1180651,104.88,3.0,1
21707,2021-10-01,Gorontalo,1,0,30,-29,11737,458,11184,95,11257,1180651,104.88,0.3333333333333333,0
21708,2021-10-02,Gorontalo,1,0,2,-1,11738,458,11186,94,11257,1180651,104.88,1.0,1
21709,2021-10-03,Gorontalo,1,0,8,-7,11739,458,11194,87,11257,1180651,104.88,1.0,1
21710,2021-10-04,Gorontalo,0,0,9,-9,11739,458,11203,78,11257,1180651,104.88,0.0,0
21711,2021-10-05,Gorontalo,1,0,11,-10,11740,458,11214,68,11257,1180651,104.88,0.0,0
21712,2021-10-06,Gorontalo,2,1,36,-35,11742,459,11250,33,11257,1180651,104.88,2.0,1
21713,2021-10-07,Gorontalo,1,0,14,-13,11743,459,11264,20,11257,1180651,104.88,0.5,0
21714,2021-10-08,Gorontalo,2,1,3,-2,11745,460,11267,18,11257,1180651,104.88,2.0,1
21715,2021-10-09,Gorontalo,0,0,0,0,11745,460,11267,18,11257,1180651,104.88,0.0,0
21716,2021-10-10,Gorontalo,2,0,0,2,11747,460,11267,20,11257,1180651,104.88,0.0,0
21717,2021-10-11,Gorontalo,1,0,0,1,11748,460,11267,21,11257,1180651,104.88,0.5,0
21718,2021-10-12,Gorontalo,3,0,1,2,11751,460,11268,23,11257,1180651,104.88,3.0,1
21719,2021-10-13,Gorontalo,2,0,0,2,11753,460,11268,25,11257,1180651,104.88,0.6666666666666666,0
21720,2021-10-14,Gorontalo,3,0,0,3,11756,460,11268,28,11257,1180651,104.88,1.5,1
21721,2021-10-15,Gorontalo,1,0,2,-1,11757,460,11270,27,11257,1180651,104.88,0.3333333333333333,0
21722,2021-10-16,Gorontalo,3,0,0,3,11760,460,11270,30,11257,1180651,104.88,3.0,1
21723,2021-10-17,Gorontalo,11,0,0,11,11771,460,11270,41,11257,1180651,104.88,3.6666666666666665,1
21724,2021-10-18,Gorontalo,0,0,0,0,11771,460,11270,41,11257,1180651,104.88,0.0,0
21725,2021-10-19,Gorontalo,6,0,3,3,11777,460,11273,44,11257,1180651,104.88,0.0,0
21726,2021-10-20,Gorontalo,1,0,0,1,11778,460,11273,45,11257,1180651,104.88,0.16666666666666666,0
21727,2021-10-21,Gorontalo,1,0,0,1,11779,460,11273,46,11257,1180651,104.88,1.0,1
21728,2021-10-22,Gorontalo,6,0,0,6,11785,460,11273,52,11257,1180651,104.88,6.0,1
21729,2021-10-23,Gorontalo,1,0,3,-2,11786,460,11276,50,11257,1180651,104.88,0.16666666666666666,0
21730,2021-10-24,Gorontalo,3,0,0,3,11789,460,11276,53,11257,1180651,104.88,3.0,1
21731,2021-10-25,Gorontalo,6,0,0,6,11795,460,11276,59,11257,1180651,104.88,2.0,1
21732,2021-10-26,Gorontalo,21,0,14,7,11816,460,11290,66,11257,1180651,104.88,3.5,1
21733,2021-10-27,Gorontalo,8,0,19,-11,11824,460,11309,55,11257,1180651,104.88,0.38095238095238093,0
21734,2021-10-28,Gorontalo,2,0,0,2,11826,460,11309,57,11257,1180651,104.88,0.25,0
21735,2021-10-29,Gorontalo,1,0,0,1,11827,460,11309,58,11257,1180651,104.88,0.5,0
21736,2021-10-30,Gorontalo,0,0,1,-1,11827,460,11310,57,11257,1180651,104.88,0.0,0
21737,2021-10-31,Gorontalo,0,0,0,0,11827,460,11310,57,11257,1180651,104.88,0.0,0
21738,2021-11-01,Gorontalo,0,0,2,-2,11827,460,11312,55,11257,1180651,104.88,0.0,0
21739,2021-11-02,Gorontalo,0,0,0,0,11827,460,11312,55,11257,1180651,104.88,0.0,0
21740,2021-11-03,Gorontalo,0,0,2,-2,11827,460,11314,53,11257,1180651,104.88,0.0,0
21741,2021-11-04,Gorontalo,0,0,0,0,11827,460,11314,53,11257,1180651,104.88,0.0,0
21742,2021-11-05,Gorontalo,0,0,0,0,11827,460,11314,53,11257,1180651,104.88,0.0,0
21743,2021-11-06,Gorontalo,1,0,1,0,11828,460,11315,53,11257,1180651,104.88,0.0,0
21744,2021-11-07,Gorontalo,0,0,2,-2,11828,460,11317,51,11257,1180651,104.88,0.0,0
21745,2021-11-08,Gorontalo,0,0,5,-5,11828,460,11322,46,11257,1180651,104.88,0.0,0
21746,2021-11-09,Gorontalo,0,0,0,0,11828,460,11322,46,11257,1180651,104.88,0.0,0
21747,2021-11-10,Gorontalo,0,0,51,-51,11828,460,11373,-5,11257,1180651,104.88,0.0,0
21748,2021-11-11,Gorontalo,0,0,0,0,11828,460,11373,-5,11257,1180651,104.88,0.0,0
21749,2021-11-12,Gorontalo,1,0,0,1,11829,460,11373,-4,11257,1180651,104.88,0.0,0
21750,2021-11-13,Gorontalo,1,0,0,1,11830,460,11373,-3,11257,1180651,104.88,1.0,1
21751,2021-11-14,Gorontalo,0,0,0,0,11830,460,11373,-3,11257,1180651,104.88,0.0,0
21752,2021-11-15,Gorontalo,0,0,0,0,11830,460,11373,-3,11257,1180651,104.88,0.0,0
21753,2021-11-16,Gorontalo,0,0,0,0,11830,460,11373,-3,11257,1180651,104.88,0.0,0
21754,2021-11-17,Gorontalo,0,0,0,0,11830,460,11373,-3,11257,1180651,104.88,0.0,0
21755,2021-11-18,Gorontalo,2,0,1,1,11832,460,11374,-2,11257,1180651,104.88,0.0,0
21756,2021-11-19,Gorontalo,0,0,0,0,11832,460,11374,-2,11257,1180651,104.88,0.0,0
21757,2021-11-20,Gorontalo,1,0,0,1,11833,460,11374,-1,11257,1180651,104.88,0.0,0
21758,2021-11-21,Gorontalo,1,0,0,1,11834,460,11374,0,11257,1180651,104.88,1.0,1
