,Date,Location,New Cases,New Deaths,New Recovered,New Active Cases,Total Cases,Total Deaths,Total Recovered,Total Active Cases,Increasing
0,2020-03-02,Indonesia,2.0,0.0,0.0,2,2,0,0,2,0
1,2020-03-03,Indonesia,0.0,0.0,0.0,0,2,0,0,2,0
2,2020-03-04,Indonesia,0.0,0.0,0.0,0,2,0,0,2,0
3,2020-03-05,Indonesia,0.0,0.0,0.0,0,2,0,0,2,0
4,2020-03-06,Indonesia,2.0,0.0,0.0,2,4,0,0,4,0
5,2020-03-07,Indonesia,0.0,0.0,0.0,0,4,0,0,4,0
6,2020-03-08,Indonesia,2.0,0.0,0.0,2,6,0,0,6,0
7,2020-03-09,Indonesia,13.0,0.0,0.0,13,19,0,0,19,1
8,2020-03-10,Indonesia,8.0,0.0,2.0,6,27,0,2,25,0
9,2020-03-11,Indonesia,7.0,1.0,0.0,6,34,1,2,31,0
10,2020-03-12,Indonesia,0.0,0.0,0.0,0,34,1,2,31,0
11,2020-03-13,Indonesia,35.0,3.0,0.0,32,69,4,2,63,0
12,2020-03-14,Indonesia,27.0,1.0,6.0,20,96,5,8,83,0
13,2020-03-15,Indonesia,21.0,0.0,0.0,21,117,5,8,104,0
14,2020-03-16,Indonesia,17.0,0.0,0.0,17,134,5,8,121,0
15,2020-03-17,Indonesia,38.0,0.0,1.0,37,172,5,9,158,1
16,2020-03-18,Indonesia,55.0,14.0,2.0,39,227,19,11,197,1
17,2020-03-19,Indonesia,82.0,6.0,4.0,72,309,25,15,269,1
18,2020-03-20,Indonesia,60.0,7.0,2.0,51,369,32,17,320,0
19,2020-03-21,Indonesia,81.0,6.0,3.0,72,450,38,20,392,1
20,2020-03-22,Indonesia,64.0,10.0,9.0,45,514,48,29,437,0
21,2020-03-23,Indonesia,65.0,1.0,1.0,63,579,49,30,500,1
22,2020-03-24,Indonesia,106.0,6.0,0.0,100,685,55,30,600,1
23,2020-03-25,Indonesia,105.0,3.0,1.0,101,790,58,31,701,0
24,2020-03-26,Indonesia,103.0,20.0,4.0,79,893,78,35,780,0
25,2020-03-27,Indonesia,153.0,9.0,11.0,133,1046,87,46,913,1
26,2020-03-28,Indonesia,109.0,15.0,13.0,81,1155,102,59,994,0
27,2020-03-29,Indonesia,130.0,12.0,5.0,113,1285,114,64,1107,1
28,2020-03-30,Indonesia,129.0,8.0,11.0,110,1414,122,75,1217,0
29,2020-03-31,Indonesia,114.0,14.0,6.0,94,1528,136,81,1311,0
30,2020-04-01,Indonesia,149.0,21.0,22.0,106,1677,157,103,1417,1
31,2020-04-02,Indonesia,113.0,13.0,9.0,91,1790,170,112,1508,0
32,2020-04-03,Indonesia,196.0,11.0,22.0,163,1986,181,134,1671,1
33,2020-04-04,Indonesia,106.0,10.0,16.0,80,2092,191,150,1751,0
34,2020-04-05,Indonesia,181.0,7.0,14.0,160,2273,198,164,1911,1
35,2020-04-06,Indonesia,218.0,11.0,28.0,179,2491,209,192,2090,1
36,2020-04-07,Indonesia,247.0,12.0,12.0,223,2738,221,204,2313,1
37,2020-04-08,Indonesia,218.0,19.0,18.0,181,2956,240,222,2494,0
38,2020-04-09,Indonesia,337.0,40.0,30.0,267,3293,280,252,2761,1
39,2020-04-10,Indonesia,219.0,26.0,30.0,163,3512,306,282,2924,0
40,2020-04-11,Indonesia,330.0,21.0,4.0,305,3842,327,286,3229,1
41,2020-04-12,Indonesia,399.0,46.0,73.0,280,4241,373,359,3509,1
42,2020-04-13,Indonesia,316.0,26.0,21.0,269,4557,399,380,3778,0
43,2020-04-14,Indonesia,282.0,60.0,46.0,176,4839,459,426,3954,0
44,2020-04-15,Indonesia,297.0,10.0,20.0,267,5136,469,446,4221,1
45,2020-04-16,Indonesia,380.0,27.0,102.0,251,5516,496,548,4472,1
46,2020-04-17,Indonesia,407.0,24.0,59.0,324,5923,520,607,4796,1
47,2020-04-18,Indonesia,325.0,15.0,24.0,286,6248,535,631,5082,0
48,2020-04-19,Indonesia,327.0,47.0,55.0,225,6575,582,686,5307,1
49,2020-04-20,Indonesia,185.0,8.0,61.0,116,6760,590,747,5423,0
50,2020-04-21,Indonesia,375.0,26.0,95.0,254,7135,616,842,5677,1
51,2020-04-22,Indonesia,283.0,19.0,71.0,193,7418,635,913,5870,0
52,2020-04-23,Indonesia,357.0,12.0,47.0,298,7775,647,960,6168,1
53,2020-04-24,Indonesia,436.0,42.0,42.0,352,8211,689,1002,6520,1
54,2020-04-25,Indonesia,396.0,31.0,40.0,325,8607,720,1042,6845,0
55,2020-04-26,Indonesia,275.0,23.0,65.0,187,8882,743,1107,7032,0
56,2020-04-27,Indonesia,214.0,22.0,44.0,148,9096,765,1151,7180,0
57,2020-04-28,Indonesia,415.0,8.0,103.0,304,9511,773,1254,7484,1
58,2020-04-29,Indonesia,260.0,11.0,137.0,112,9771,784,1391,7596,0
59,2020-04-30,Indonesia,347.0,8.0,131.0,208,10118,792,1522,7804,1
60,2020-05-01,Indonesia,433.0,8.0,69.0,356,10551,800,1591,8160,1
61,2020-05-02,Indonesia,292.0,31.0,74.0,187,10843,831,1665,8347,0
62,2020-05-03,Indonesia,349.0,14.0,211.0,124,11192,845,1876,8471,1
63,2020-05-04,Indonesia,395.0,19.0,78.0,298,11587,864,1954,8769,1
64,2020-05-05,Indonesia,484.0,8.0,243.0,233,12071,872,2197,9002,1
65,2020-05-06,Indonesia,367.0,23.0,120.0,224,12438,895,2317,9226,0
66,2020-05-07,Indonesia,338.0,35.0,64.0,239,12776,930,2381,9465,0
67,2020-05-08,Indonesia,336.0,13.0,113.0,210,13112,943,2494,9675,0
68,2020-05-09,Indonesia,533.0,16.0,113.0,404,13645,959,2607,10079,1
69,2020-05-10,Indonesia,387.0,14.0,91.0,282,14032,973,2698,10361,0
70,2020-05-11,Indonesia,233.0,18.0,183.0,32,14265,991,2881,10393,0
71,2020-05-12,Indonesia,484.0,16.0,182.0,286,14749,1007,3063,10679,1
72,2020-05-13,Indonesia,689.0,21.0,224.0,444,15438,1028,3287,11123,1
73,2020-05-14,Indonesia,568.0,15.0,231.0,322,16006,1043,3518,11445,0
74,2020-05-15,Indonesia,490.0,33.0,285.0,172,16496,1076,3803,11617,0
75,2020-05-16,Indonesia,529.0,13.0,108.0,408,17025,1089,3911,12025,1
76,2020-05-17,Indonesia,489.0,59.0,218.0,212,17514,1148,4129,12237,0
77,2020-05-18,Indonesia,496.0,43.0,195.0,258,18010,1191,4324,12495,1
78,2020-05-19,Indonesia,486.0,30.0,143.0,313,18496,1221,4467,12808,0
79,2020-05-20,Indonesia,693.0,21.0,108.0,564,19189,1242,4575,13372,1
80,2020-05-21,Indonesia,973.0,36.0,263.0,674,20162,1278,4838,14046,1
81,2020-05-22,Indonesia,634.0,48.0,219.0,367,20796,1326,5057,14413,0
82,2020-05-23,Indonesia,949.0,25.0,192.0,732,21745,1351,5249,15145,1
83,2020-05-24,Indonesia,526.0,21.0,153.0,352,22271,1372,5402,15497,0
84,2020-05-25,Indonesia,479.0,19.0,240.0,220,22750,1391,5642,15717,0
85,2020-05-26,Indonesia,415.0,27.0,235.0,153,23165,1418,5877,15870,0
86,2020-05-27,Indonesia,686.0,55.0,180.0,451,23851,1473,6057,16321,1
87,2020-05-28,Indonesia,687.0,23.0,183.0,481,24538,1496,6240,16802,1
88,2020-05-29,Indonesia,678.0,24.0,252.0,402,25216,1520,6492,17204,0
89,2020-05-30,Indonesia,557.0,53.0,523.0,-19,25773,1573,7015,17185,0
90,2020-05-31,Indonesia,700.0,40.0,293.0,367,26473,1613,7308,17552,1
91,2020-06-01,Indonesia,467.0,28.0,329.0,110,26940,1641,7637,17662,0
92,2020-06-02,Indonesia,609.0,22.0,298.0,289,27549,1663,7935,17951,1
93,2020-06-03,Indonesia,684.0,35.0,471.0,178,28233,1698,8406,18129,1
94,2020-06-04,Indonesia,585.0,23.0,486.0,76,28818,1721,8892,18205,0
95,2020-06-05,Indonesia,703.0,49.0,551.0,103,29521,1770,9443,18308,1
96,2020-06-06,Indonesia,993.0,31.0,464.0,498,30514,1801,9907,18806,1
97,2020-06-07,Indonesia,672.0,50.0,591.0,31,31186,1851,10498,18837,0
98,2020-06-08,Indonesia,847.0,32.0,406.0,409,32033,1883,10904,19246,1
99,2020-06-09,Indonesia,1042.0,40.0,510.0,492,33075,1923,11414,19738,1
100,2020-06-10,Indonesia,1241.0,36.0,715.0,490,34316,1959,12129,20228,1
101,2020-06-11,Indonesia,979.0,41.0,507.0,431,35295,2000,12636,20659,0
102,2020-06-12,Indonesia,1111.0,48.0,577.0,486,36406,2048,13213,21145,1
103,2020-06-13,Indonesia,1014.0,43.0,563.0,408,37420,2091,13776,21553,0
104,2020-06-14,Indonesia,857.0,43.0,755.0,59,38277,2134,14531,21612,0
105,2020-06-15,Indonesia,1017.0,64.0,592.0,361,39294,2198,15123,21973,1
106,2020-06-16,Indonesia,1106.0,33.0,580.0,493,40400,2231,15703,22466,1
107,2020-06-17,Indonesia,1031.0,45.0,540.0,446,41431,2276,16243,22912,0
108,2020-06-18,Indonesia,1331.0,63.0,555.0,713,42762,2339,16798,23625,1
109,2020-06-19,Indonesia,1041.0,34.0,551.0,456,43803,2373,17349,24081,0
110,2020-06-20,Indonesia,1226.0,56.0,534.0,636,45029,2429,17883,24717,1
111,2020-06-21,Indonesia,862.0,36.0,521.0,305,45891,2465,18404,25022,0
112,2020-06-22,Indonesia,954.0,35.0,331.0,588,46845,2500,18735,25610,1
113,2020-06-23,Indonesia,1051.0,35.0,506.0,510,47896,2535,19241,26120,1
114,2020-06-24,Indonesia,1113.0,38.0,417.0,658,49009,2573,19658,26778,1
115,2020-06-25,Indonesia,1178.0,47.0,791.0,340,50187,2620,20449,27118,1
116,2020-06-26,Indonesia,1240.0,63.0,884.0,293,51427,2683,21333,27411,1
117,2020-06-27,Indonesia,1385.0,37.0,576.0,772,52812,2720,21909,28183,1
118,2020-06-28,Indonesia,1198.0,34.0,1027.0,137,54010,2754,22936,28320,0
119,2020-06-29,Indonesia,1082.0,51.0,864.0,167,55092,2805,23800,28487,0
120,2020-06-30,Indonesia,1293.0,71.0,1006.0,216,56385,2876,24806,28703,1
121,2020-07-01,Indonesia,1385.0,58.0,789.0,538,57770,2934,25595,29241,1
122,2020-07-02,Indonesia,1624.0,53.0,1072.0,499,59394,2987,26667,29740,1
123,2020-07-03,Indonesia,1301.0,49.0,901.0,351,60695,3036,27568,30091,0
124,2020-07-04,Indonesia,1447.0,53.0,651.0,743,62142,3089,28219,30834,1
125,2020-07-05,Indonesia,1607.0,82.0,886.0,639,63749,3171,29105,31473,1
126,2020-07-06,Indonesia,1209.0,70.0,814.0,325,64958,3241,29919,31798,0
127,2020-07-07,Indonesia,1268.0,68.0,866.0,334,66226,3309,30785,32132,1
128,2020-07-08,Indonesia,1853.0,50.0,800.0,1003,68079,3359,31585,33135,1
129,2020-07-09,Indonesia,2657.0,58.0,1066.0,1533,70736,3417,32651,34668,1
130,2020-07-10,Indonesia,1611.0,52.0,878.0,681,72347,3469,33529,35349,0
131,2020-07-11,Indonesia,1671.0,66.0,1190.0,415,74018,3535,34719,35764,1
132,2020-07-12,Indonesia,1681.0,71.0,919.0,691,75699,3606,35638,36455,1
133,2020-07-13,Indonesia,1282.0,50.0,1051.0,181,76981,3656,36689,36636,0
134,2020-07-14,Indonesia,1591.0,54.0,947.0,590,78572,3710,37636,37226,1
135,2020-07-15,Indonesia,1522.0,87.0,1414.0,21,80094,3797,39050,37247,0
136,2020-07-16,Indonesia,1574.0,76.0,1295.0,203,81668,3873,40345,37450,1
137,2020-07-17,Indonesia,1462.0,84.0,1489.0,-111,83130,3957,41834,37339,0
138,2020-07-18,Indonesia,1752.0,59.0,1434.0,259,84882,4016,43268,37598,1
139,2020-07-19,Indonesia,1639.0,127.0,2133.0,-621,86521,4143,45401,36977,0
140,2020-07-20,Indonesia,1693.0,96.0,1576.0,21,88214,4239,46977,36998,1
141,2020-07-21,Indonesia,1655.0,81.0,1489.0,85,89869,4320,48466,37083,0
142,2020-07-22,Indonesia,1882.0,139.0,1789.0,-46,91751,4459,50255,37037,1
143,2020-07-23,Indonesia,1906.0,117.0,1909.0,-120,93657,4576,52164,36917,1
144,2020-07-24,Indonesia,1761.0,89.0,1781.0,-109,95418,4665,53945,36808,0
145,2020-07-25,Indonesia,1868.0,49.0,1409.0,410,97286,4714,55354,37218,1
146,2020-07-26,Indonesia,1492.0,67.0,1301.0,124,98778,4781,56655,37342,0
147,2020-07-27,Indonesia,1525.0,57.0,1518.0,-50,100303,4838,58173,37292,1
148,2020-07-28,Indonesia,1748.0,63.0,2366.0,-681,102051,4901,60539,36611,1
149,2020-07-29,Indonesia,2381.0,74.0,1599.0,708,104432,4975,62138,37319,1
150,2020-07-30,Indonesia,1904.0,83.0,2154.0,-333,106336,5058,64292,36986,0
151,2020-07-31,Indonesia,2040.0,73.0,1615.0,352,108376,5131,65907,37338,1
152,2020-08-01,Indonesia,1560.0,62.0,2012.0,-514,109936,5193,67919,36824,0
153,2020-08-02,Indonesia,1519.0,43.0,1056.0,420,111455,5236,68975,37244,0
154,2020-08-03,Indonesia,1679.0,66.0,1262.0,351,113134,5302,70237,37595,1
155,2020-08-04,Indonesia,1922.0,86.0,1813.0,23,115056,5388,72050,37618,1
156,2020-08-05,Indonesia,1815.0,64.0,1839.0,-88,116871,5452,73889,37530,0
157,2020-08-06,Indonesia,1882.0,69.0,1756.0,57,118753,5521,75645,37587,1
158,2020-08-07,Indonesia,2473.0,72.0,1912.0,489,121226,5593,77557,38076,1
159,2020-08-08,Indonesia,2277.0,65.0,1749.0,463,123503,5658,79306,38539,0
160,2020-08-09,Indonesia,1893.0,65.0,1646.0,182,125396,5723,80952,38721,0
161,2020-08-10,Indonesia,1687.0,42.0,1284.0,361,127083,5765,82236,39082,0
162,2020-08-11,Indonesia,1693.0,59.0,1474.0,160,128776,5824,83710,39242,1
163,2020-08-12,Indonesia,1942.0,79.0,2088.0,-225,130718,5903,85798,39017,1
164,2020-08-13,Indonesia,2098.0,65.0,1760.0,273,132816,5968,87558,39290,1
165,2020-08-14,Indonesia,2307.0,53.0,2060.0,194,135123,6021,89618,39484,1
166,2020-08-15,Indonesia,2345.0,50.0,1703.0,592,137468,6071,91321,40076,1
167,2020-08-16,Indonesia,2081.0,79.0,1782.0,220,139549,6150,93103,40296,0
168,2020-08-17,Indonesia,1821.0,57.0,1355.0,409,141370,6207,94458,40705,0
169,2020-08-18,Indonesia,1673.0,70.0,1848.0,-245,143043,6277,96306,40460,0
170,2020-08-19,Indonesia,1902.0,69.0,2351.0,-518,144945,6346,98657,39942,1
171,2020-08-20,Indonesia,2266.0,72.0,2017.0,177,147211,6418,100674,40119,1
172,2020-08-21,Indonesia,2197.0,82.0,2317.0,-202,149408,6500,102991,39917,0
173,2020-08-22,Indonesia,2090.0,94.0,2207.0,-211,151498,6594,105198,39706,0
174,2020-08-23,Indonesia,2037.0,86.0,2302.0,-351,153535,6680,107500,39355,0
175,2020-08-24,Indonesia,1877.0,79.0,3560.0,-1762,155412,6759,111060,37593,0
176,2020-08-25,Indonesia,2447.0,99.0,1807.0,541,157859,6858,112867,38134,1
177,2020-08-26,Indonesia,2306.0,86.0,2542.0,-322,160165,6944,115409,37812,0
178,2020-08-27,Indonesia,2719.0,120.0,3166.0,-567,162884,7064,118575,37245,1
179,2020-08-28,Indonesia,3003.0,105.0,2325.0,573,165887,7169,120900,37818,1
180,2020-08-29,Indonesia,3308.0,92.0,1902.0,1314,169195,7261,122802,39132,1
181,2020-08-30,Indonesia,2858.0,82.0,1383.0,1393,172053,7343,124185,40525,0
182,2020-08-31,Indonesia,2743.0,74.0,1774.0,895,174796,7417,125959,41420,0
183,2020-09-01,Indonesia,2775.0,88.0,2098.0,589,177571,7505,128057,42009,1
184,2020-09-02,Indonesia,3075.0,111.0,1914.0,1050,180646,7616,129971,43059,1
185,2020-09-03,Indonesia,3622.0,134.0,2084.0,1404,184268,7750,132055,44463,1
186,2020-09-04,Indonesia,3269.0,82.0,2126.0,1061,187537,7832,134181,45524,0
187,2020-09-05,Indonesia,3128.0,108.0,2220.0,800,190665,7940,136401,46324,0
188,2020-09-06,Indonesia,3444.0,85.0,2174.0,1185,194109,8025,138575,47509,1
189,2020-09-07,Indonesia,2880.0,105.0,2077.0,698,196989,8130,140652,48207,0
190,2020-09-08,Indonesia,3046.0,100.0,2306.0,640,200035,8230,142958,48847,1
191,2020-09-09,Indonesia,3307.0,106.0,2242.0,959,203342,8336,145200,49806,1
192,2020-09-10,Indonesia,3861.0,120.0,2310.0,1431,207203,8456,147510,51237,1
193,2020-09-11,Indonesia,3737.0,88.0,2707.0,942,210940,8544,150217,52179,0
194,2020-09-12,Indonesia,3806.0,106.0,2241.0,1459,214746,8650,152458,53638,1
195,2020-09-13,Indonesia,3636.0,73.0,2552.0,1011,218382,8723,155010,54649,0
196,2020-09-14,Indonesia,3141.0,118.0,3395.0,-372,221523,8841,158405,54277,0
197,2020-09-15,Indonesia,3507.0,124.0,2660.0,723,225030,8965,161065,55000,1
198,2020-09-16,Indonesia,3963.0,135.0,3036.0,792,228993,9100,164101,55792,1
199,2020-09-17,Indonesia,3635.0,122.0,2585.0,928,232628,9222,166686,56720,0
200,2020-09-18,Indonesia,3891.0,114.0,4088.0,-311,236519,9336,170774,56409,1
201,2020-09-19,Indonesia,4168.0,112.0,3576.0,480,240687,9448,174350,56889,1
202,2020-09-20,Indonesia,3989.0,105.0,2977.0,907,244676,9553,177327,57796,0
203,2020-09-21,Indonesia,4176.0,124.0,3470.0,582,248852,9677,180797,58378,1
204,2020-09-22,Indonesia,4071.0,160.0,3501.0,410,252923,9837,184298,58788,0
205,2020-09-23,Indonesia,4465.0,140.0,3660.0,665,257388,9977,187958,59453,1
206,2020-09-24,Indonesia,4634.0,128.0,3895.0,611,262022,10105,191853,60064,1
207,2020-09-25,Indonesia,4823.0,113.0,4343.0,367,266845,10218,196196,60431,1
208,2020-09-26,Indonesia,4494.0,90.0,3207.0,1197,271339,10308,199403,61628,0
209,2020-09-27,Indonesia,3874.0,78.0,3611.0,185,275213,10386,203014,61813,0
210,2020-09-28,Indonesia,3509.0,87.0,3856.0,-434,278722,10473,206870,61379,0
211,2020-09-29,Indonesia,4002.0,128.0,3567.0,307,282724,10601,210437,61686,1
212,2020-09-30,Indonesia,4284.0,139.0,4510.0,-365,287008,10740,214947,61321,1
213,2020-10-01,Indonesia,4174.0,116.0,3540.0,518,291182,10856,218487,61839,0
214,2020-10-02,Indonesia,4317.0,116.0,2853.0,1348,295499,10972,221340,63187,1
215,2020-10-03,Indonesia,4007.0,83.0,3712.0,212,299506,11055,225052,63399,0
216,2020-10-04,Indonesia,3992.0,96.0,3401.0,495,303498,11151,228453,63894,0
217,2020-10-05,Indonesia,3622.0,102.0,4140.0,-620,307120,11253,232593,63274,0
218,2020-10-06,Indonesia,4056.0,121.0,3844.0,91,311176,11374,236437,63365,1
219,2020-10-07,Indonesia,4538.0,98.0,3854.0,586,315714,11472,240291,63951,1
220,2020-10-08,Indonesia,4850.0,108.0,3769.0,973,320564,11580,244060,64924,1
221,2020-10-09,Indonesia,4094.0,97.0,3607.0,390,324658,11677,247667,65314,0
222,2020-10-10,Indonesia,4294.0,88.0,3814.0,392,328952,11765,251481,65706,1
223,2020-10-11,Indonesia,4497.0,79.0,3546.0,872,333449,11844,255027,66578,1
224,2020-10-12,Indonesia,3267.0,91.0,3492.0,-316,336716,11935,258519,66262,0
225,2020-10-13,Indonesia,3906.0,92.0,4777.0,-963,340622,12027,263296,65299,1
226,2020-10-14,Indonesia,4127.0,129.0,4555.0,-557,344749,12156,267851,64742,1
227,2020-10-15,Indonesia,4411.0,112.0,5810.0,-1511,349160,12268,273661,63231,1
228,2020-10-16,Indonesia,4301.0,79.0,3883.0,339,353461,12347,277544,63570,0
229,2020-10-17,Indonesia,4301.0,84.0,4048.0,169,357762,12431,281592,63739,1
230,2020-10-18,Indonesia,4105.0,80.0,3732.0,293,361867,12511,285324,64032,0
231,2020-10-19,Indonesia,3373.0,106.0,3919.0,-652,365240,12617,289243,63380,0
232,2020-10-20,Indonesia,3602.0,117.0,4410.0,-925,368842,12734,293653,62455,1
233,2020-10-21,Indonesia,4267.0,123.0,3856.0,288,373109,12857,297509,62743,1
234,2020-10-22,Indonesia,4432.0,102.0,3497.0,833,377541,12959,301006,63576,1
235,2020-10-23,Indonesia,4369.0,118.0,4094.0,157,381910,13077,305100,63733,0
236,2020-10-24,Indonesia,4070.0,128.0,4119.0,-177,385980,13205,309219,63556,0
237,2020-10-25,Indonesia,3732.0,94.0,4545.0,-907,389712,13299,313764,62649,0
238,2020-10-26,Indonesia,3222.0,112.0,3908.0,-798,392934,13411,317672,61851,0
239,2020-10-27,Indonesia,3520.0,101.0,4576.0,-1157,396454,13512,322248,60694,1
240,2020-10-28,Indonesia,4029.0,100.0,3545.0,384,400483,13612,325793,61078,1
241,2020-10-29,Indonesia,3565.0,89.0,3985.0,-509,404048,13701,329778,60569,0
242,2020-10-30,Indonesia,2897.0,81.0,4517.0,-1701,406945,13782,334295,58868,0
243,2020-10-31,Indonesia,3143.0,87.0,3506.0,-450,410088,13869,337801,58418,1
244,2020-11-01,Indonesia,2696.0,74.0,4141.0,-1519,412784,13943,341942,56899,0
245,2020-11-02,Indonesia,2618.0,101.0,3624.0,-1107,415402,14044,345566,55792,0
246,2020-11-03,Indonesia,2973.0,102.0,3931.0,-1060,418375,14146,349497,54732,1
247,2020-11-04,Indonesia,3356.0,113.0,3785.0,-542,421731,14259,353282,54190,1
248,2020-11-05,Indonesia,4065.0,89.0,3860.0,116,425796,14348,357142,54306,1
249,2020-11-06,Indonesia,3778.0,94.0,3563.0,121,429574,14442,360705,54427,0
250,2020-11-07,Indonesia,4262.0,98.0,3712.0,452,433836,14540,364417,54879,1
251,2020-11-08,Indonesia,3880.0,74.0,3881.0,-75,437716,14614,368298,54804,0
252,2020-11-09,Indonesia,2853.0,75.0,3968.0,-1190,440569,14689,372266,53614,0
253,2020-11-10,Indonesia,3779.0,72.0,3475.0,232,444348,14761,375741,53846,1
254,2020-11-11,Indonesia,3770.0,75.0,3241.0,454,448118,14836,378982,54300,0
255,2020-11-12,Indonesia,4173.0,97.0,3102.0,974,452291,14933,382084,55274,1
256,2020-11-13,Indonesia,5444.0,104.0,3010.0,2330,457735,15037,385094,57604,1
257,2020-11-14,Indonesia,5272.0,111.0,3000.0,2161,463007,15148,388094,59765,0
258,2020-11-15,Indonesia,4106.0,63.0,3897.0,146,467113,15211,391991,59911,0
259,2020-11-16,Indonesia,3535.0,85.0,3452.0,-2,470648,15296,395443,59909,0
260,2020-11-17,Indonesia,3807.0,97.0,3193.0,517,474455,15393,398636,60426,1
261,2020-11-18,Indonesia,4265.0,110.0,3711.0,444,478720,15503,402347,60870,1
262,2020-11-19,Indonesia,4798.0,97.0,4265.0,436,483518,15600,406612,61306,1
263,2020-11-20,Indonesia,4792.0,78.0,3940.0,774,488310,15678,410552,62080,0
264,2020-11-21,Indonesia,4998.0,96.0,3403.0,1499,493308,15774,413955,63579,1
265,2020-11-22,Indonesia,4360.0,110.0,4233.0,17,497668,15884,418188,63596,0
266,2020-11-23,Indonesia,4442.0,118.0,4198.0,126,502110,16002,422386,63722,1
267,2020-11-24,Indonesia,4192.0,109.0,2927.0,1156,506302,16111,425313,64878,0
268,2020-11-25,Indonesia,5534.0,114.0,4494.0,926,511836,16225,429807,65804,1
269,2020-11-26,Indonesia,4917.0,127.0,3842.0,948,516753,16352,433649,66752,0
270,2020-11-27,Indonesia,5828.0,169.0,3807.0,1852,522581,16521,437456,68604,1
271,2020-11-28,Indonesia,5418.0,125.0,4527.0,766,527999,16646,441983,69370,0
272,2020-11-29,Indonesia,6267.0,169.0,3810.0,2288,534266,16815,445793,71658,1
273,2020-11-30,Indonesia,4617.0,130.0,4725.0,-238,538883,16945,450518,71420,0
274,2020-12-01,Indonesia,5092.0,136.0,4361.0,595,543975,17081,454879,72015,1
275,2020-12-02,Indonesia,5533.0,118.0,4001.0,1414,549508,17199,458880,73429,1
276,2020-12-03,Indonesia,8369.0,156.0,3673.0,4540,557877,17355,462553,77969,1
277,2020-12-04,Indonesia,5803.0,124.0,3625.0,2054,563680,17479,466178,80023,0
278,2020-12-05,Indonesia,6027.0,110.0,4271.0,1646,569707,17589,470449,81669,1
279,2020-12-06,Indonesia,6089.0,151.0,4322.0,1616,575796,17740,474771,83285,1
280,2020-12-07,Indonesia,5754.0,127.0,4431.0,1196,581550,17867,479202,84481,0
281,2020-12-08,Indonesia,5292.0,133.0,4295.0,864,586842,18000,483497,85345,0
282,2020-12-09,Indonesia,6058.0,171.0,3948.0,1939,592900,18171,487445,87284,1
283,2020-12-10,Indonesia,6033.0,165.0,4530.0,1338,598933,18336,491975,88622,0
284,2020-12-11,Indonesia,6310.0,175.0,4911.0,1224,605243,18511,496886,89846,1
285,2020-12-12,Indonesia,6388.0,142.0,4490.0,1756,611631,18653,501376,91602,1
286,2020-12-13,Indonesia,6189.0,166.0,4460.0,1563,617820,18819,505836,93165,0
287,2020-12-14,Indonesia,5489.0,137.0,5121.0,231,623309,18956,510957,93396,0
288,2020-12-15,Indonesia,6120.0,155.0,5699.0,266,629429,19111,516656,93662,1
289,2020-12-16,Indonesia,6725.0,137.0,5328.0,1260,636154,19248,521984,94922,1
290,2020-12-17,Indonesia,7354.0,142.0,4995.0,2217,643508,19390,526979,97139,1
291,2020-12-18,Indonesia,6689.0,124.0,5016.0,1549,650197,19514,531995,98688,0
292,2020-12-19,Indonesia,7751.0,145.0,4265.0,3341,657948,19659,536260,102029,1
293,2020-12-20,Indonesia,6982.0,221.0,5551.0,1210,664930,19880,541811,103239,0
294,2020-12-21,Indonesia,6848.0,205.0,5073.0,1570,671778,20085,546884,104809,0
295,2020-12-22,Indonesia,6347.0,172.0,5838.0,337,678125,20257,552722,105146,0
296,2020-12-23,Indonesia,7514.0,151.0,5981.0,1382,685639,20408,558703,106528,1
297,2020-12-24,Indonesia,7199.0,181.0,5277.0,1741,692838,20589,563980,108269,0
298,2020-12-25,Indonesia,7259.0,258.0,6324.0,677,700097,20847,570304,108946,1
299,2020-12-26,Indonesia,6740.0,147.0,6389.0,204,706837,20994,576693,109150,0
300,2020-12-27,Indonesia,6528.0,243.0,6983.0,-698,713365,21237,583676,108452,0
301,2020-12-28,Indonesia,5854.0,215.0,6302.0,-663,719219,21452,589978,107789,0
302,2020-12-29,Indonesia,7903.0,251.0,6805.0,847,727122,21703,596783,108636,1
303,2020-12-30,Indonesia,8002.0,241.0,6958.0,803,735124,21944,603741,109439,1
304,2020-12-31,Indonesia,8074.0,194.0,7356.0,524,743198,22138,611097,109963,1
305,2021-01-01,Indonesia,8072.0,191.0,6839.0,1042,751270,22329,617936,111005,0
306,2021-01-02,Indonesia,7203.0,226.0,7582.0,-605,758473,22555,625518,110400,0
307,2021-01-03,Indonesia,6877.0,179.0,6419.0,279,765350,22734,631937,110679,0
308,2021-01-04,Indonesia,6753.0,177.0,7166.0,-590,772103,22911,639103,110089,0
309,2021-01-05,Indonesia,7445.0,198.0,6643.0,604,779548,23109,645746,110693,1
310,2021-01-06,Indonesia,8854.0,187.0,6767.0,1900,788402,23296,652513,112593,1
311,2021-01-07,Indonesia,9321.0,224.0,6924.0,2173,797723,23520,659437,114766,1
312,2021-01-08,Indonesia,10617.0,233.0,7446.0,2938,808340,23753,666883,117704,1
313,2021-01-09,Indonesia,10046.0,194.0,6628.0,3224,818386,23947,673511,120928,0
314,2021-01-10,Indonesia,9640.0,182.0,7513.0,1945,828026,24129,681024,122873,0
315,2021-01-11,Indonesia,8692.0,214.0,7715.0,763,836718,24343,688739,123636,0
316,2021-01-12,Indonesia,10047.0,302.0,7068.0,2677,846765,24645,695807,126313,1
317,2021-01-13,Indonesia,11278.0,306.0,7657.0,3315,858043,24951,703464,129628,1
318,2021-01-14,Indonesia,11557.0,295.0,7741.0,3521,869600,25246,711205,133149,1
319,2021-01-15,Indonesia,12818.0,238.0,7491.0,5089,882418,25484,718696,138238,1
320,2021-01-16,Indonesia,14224.0,283.0,8662.0,5279,896642,25767,727358,143517,1
321,2021-01-17,Indonesia,11287.0,220.0,9102.0,1965,907929,25987,736460,145482,0
322,2021-01-18,Indonesia,9086.0,295.0,9475.0,-684,917015,26282,745935,144798,0
323,2021-01-19,Indonesia,10365.0,308.0,8013.0,2044,927380,26590,753948,146842,1
324,2021-01-20,Indonesia,12568.0,267.0,9755.0,2546,939948,26857,763703,149388,1
325,2021-01-21,Indonesia,11703.0,346.0,9087.0,2270,951651,27203,772790,151658,0
326,2021-01-22,Indonesia,13632.0,250.0,8357.0,5025,965283,27453,781147,156683,1
327,2021-01-23,Indonesia,12191.0,211.0,9912.0,2068,977474,27664,791059,158751,0
328,2021-01-24,Indonesia,11788.0,171.0,7751.0,3866,989262,27835,798810,162617,0
329,2021-01-25,Indonesia,9994.0,297.0,10678.0,-981,999256,28132,809488,161636,0
330,2021-01-26,Indonesia,13094.0,336.0,10868.0,1890,1012350,28468,820356,163526,1
331,2021-01-27,Indonesia,11948.0,387.0,10974.0,587,1024298,28855,831330,164113,0
332,2021-01-28,Indonesia,13695.0,476.0,10792.0,2427,1037993,29331,842122,166540,1
333,2021-01-29,Indonesia,13802.0,187.0,10138.0,3477,1051795,29518,852260,170017,1
334,2021-01-30,Indonesia,14518.0,210.0,10242.0,4066,1066313,29728,862502,174083,1
335,2021-01-31,Indonesia,12001.0,270.0,10719.0,1012,1078314,29998,873221,175095,0
336,2021-02-01,Indonesia,10994.0,279.0,10461.0,254,1089308,30277,883682,175349,0
337,2021-02-02,Indonesia,10379.0,304.0,12848.0,-2773,1099687,30581,896530,172576,0
338,2021-02-03,Indonesia,11984.0,189.0,9135.0,2660,1111671,30770,905665,175236,1
339,2021-02-04,Indonesia,11434.0,231.0,11641.0,-438,1123105,31001,917306,174798,0
340,2021-02-05,Indonesia,11749.0,201.0,9674.0,1874,1134854,31202,926980,176672,1
341,2021-02-06,Indonesia,12156.0,191.0,12204.0,-239,1147010,31393,939184,176433,1
342,2021-02-07,Indonesia,10827.0,163.0,10806.0,-142,1157837,31556,949990,176291,0
343,2021-02-08,Indonesia,8242.0,207.0,13038.0,-5003,1166079,31763,963028,171288,0
344,2021-02-09,Indonesia,8700.0,213.0,10424.0,-1937,1174779,31976,973452,169351,1
345,2021-02-10,Indonesia,8776.0,191.0,9520.0,-935,1183555,32167,982972,168416,1
346,2021-02-11,Indonesia,8435.0,214.0,10145.0,-1924,1191990,32381,993117,166492,0
347,2021-02-12,Indonesia,9869.0,275.0,11000.0,-1406,1201859,32656,1004117,165086,1
348,2021-02-13,Indonesia,8844.0,280.0,11919.0,-3355,1210703,32936,1016036,161731,0
349,2021-02-14,Indonesia,6765.0,247.0,9237.0,-2719,1217468,33183,1025273,159012,0
350,2021-02-15,Indonesia,6462.0,184.0,6792.0,-514,1223930,33367,1032065,158498,0
351,2021-02-16,Indonesia,10029.0,229.0,7609.0,2191,1233959,33596,1039674,160689,1
352,2021-02-17,Indonesia,9687.0,192.0,8002.0,1493,1243646,33788,1047676,162182,0
353,2021-02-18,Indonesia,9039.0,181.0,10546.0,-1688,1252685,33969,1058222,160494,0
354,2021-02-19,Indonesia,10614.0,183.0,10783.0,-352,1263299,34152,1069005,160142,1
355,2021-02-20,Indonesia,8054.0,164.0,9835.0,-1945,1271353,34316,1078840,158197,0
356,2021-02-21,Indonesia,7300.0,173.0,8236.0,-1109,1278653,34489,1087076,157088,0
357,2021-02-22,Indonesia,10180.0,202.0,9918.0,60,1288833,34691,1096994,157148,1
358,2021-02-23,Indonesia,9775.0,323.0,7996.0,1456,1298608,35014,1104990,158604,0
359,2021-02-24,Indonesia,7533.0,240.0,7735.0,-442,1306141,35254,1112725,158162,0
360,2021-02-25,Indonesia,8493.0,264.0,8686.0,-457,1314634,35518,1121411,157705,1
361,2021-02-26,Indonesia,8232.0,268.0,7261.0,703,1322866,35786,1128672,158408,0
362,2021-02-27,Indonesia,6208.0,195.0,7382.0,-1369,1329074,35981,1136054,157039,0
363,2021-02-28,Indonesia,5560.0,185.0,6649.0,-1274,1334634,36166,1142703,155765,0
364,2021-03-01,Indonesia,6680.0,159.0,9212.0,-2691,1341314,36325,1151915,153074,1
365,2021-03-02,Indonesia,5712.0,193.0,8948.0,-3429,1347026,36518,1160863,149645,0
366,2021-03-03,Indonesia,6808.0,203.0,9053.0,-2448,1353834,36721,1169916,147197,1
367,2021-03-04,Indonesia,7264.0,176.0,6440.0,648,1361098,36897,1176356,147845,1
368,2021-03-05,Indonesia,6971.0,129.0,6331.0,511,1368069,37026,1182687,148356,0
369,2021-03-06,Indonesia,5767.0,128.0,6823.0,-1184,1373836,37154,1189510,147172,0
370,2021-03-07,Indonesia,5826.0,112.0,5146.0,568,1379662,37266,1194656,147740,1
371,2021-03-08,Indonesia,6894.0,281.0,8725.0,-2112,1386556,37547,1203381,145628,1
372,2021-03-09,Indonesia,6389.0,210.0,7496.0,-1317,1392945,37757,1210877,144311,0
373,2021-03-10,Indonesia,5633.0,175.0,5556.0,-98,1398578,37932,1216433,144213,0
374,2021-03-11,Indonesia,5144.0,117.0,8170.0,-3143,1403722,38049,1224603,141070,0
375,2021-03-12,Indonesia,6412.0,180.0,6851.0,-619,1410134,38229,1231454,140451,1
376,2021-03-13,Indonesia,4607.0,100.0,6016.0,-1509,1414741,38329,1237470,138942,0
377,2021-03-14,Indonesia,4714.0,97.0,5647.0,-1030,1419455,38426,1243117,137912,1
378,2021-03-15,Indonesia,5589.0,147.0,6830.0,-1388,1425044,38573,1249947,136524,1
379,2021-03-16,Indonesia,5414.0,180.0,7716.0,-2482,1430458,38753,1257663,134042,0
380,2021-03-17,Indonesia,6825.0,162.0,9010.0,-2347,1437283,38915,1266673,131695,1
381,2021-03-18,Indonesia,6570.0,227.0,6285.0,58,1443853,39142,1272958,131753,0
382,2021-03-19,Indonesia,6279.0,197.0,6007.0,75,1450132,39339,1278965,131828,0
383,2021-03-20,Indonesia,5656.0,108.0,5760.0,-212,1455788,39447,1284725,131616,0
384,2021-03-21,Indonesia,4396.0,103.0,6065.0,-1772,1460184,39550,1290790,129844,0
385,2021-03-22,Indonesia,5744.0,161.0,7177.0,-1594,1465928,39711,1297967,128250,1
386,2021-03-23,Indonesia,5297.0,154.0,6954.0,-1811,1471225,39865,1304921,126439,0
387,2021-03-24,Indonesia,5227.0,118.0,7622.0,-2513,1476452,39983,1312543,123926,0
388,2021-03-25,Indonesia,6107.0,98.0,4656.0,1353,1482559,40081,1317199,125279,1
389,2021-03-26,Indonesia,4982.0,85.0,5679.0,-782,1487541,40166,1322878,124497,0
390,2021-03-27,Indonesia,4461.0,198.0,4243.0,20,1492002,40364,1327121,124517,0
391,2021-03-28,Indonesia,4083.0,85.0,4279.0,-281,1496085,40449,1331400,124236,0
392,2021-03-29,Indonesia,5008.0,132.0,5418.0,-542,1501093,40581,1336818,123694,1
393,2021-03-30,Indonesia,4682.0,173.0,5877.0,-1368,1505775,40754,1342695,122326,0
394,2021-03-31,Indonesia,5937.0,104.0,5635.0,198,1511712,40858,1348330,122524,1
395,2021-04-01,Indonesia,6142.0,196.0,7248.0,-1302,1517854,41054,1355578,121222,1
396,2021-04-02,Indonesia,5325.0,97.0,5439.0,-211,1523179,41151,1361017,121011,0
397,2021-04-03,Indonesia,4345.0,91.0,5197.0,-943,1527524,41242,1366214,120068,0
398,2021-04-04,Indonesia,6731.0,427.0,9663.0,-3359,1534255,41669,1375877,116709,1
399,2021-04-05,Indonesia,3712.0,146.0,5800.0,-2234,1537967,41815,1381677,114475,0
400,2021-04-06,Indonesia,4549.0,162.0,4296.0,91,1542516,41977,1385973,114566,1
401,2021-04-07,Indonesia,4860.0,87.0,5769.0,-996,1547376,42064,1391742,113570,1
402,2021-04-08,Indonesia,5504.0,163.0,7640.0,-2299,1552880,42227,1399382,111271,1
403,2021-04-09,Indonesia,5265.0,121.0,6277.0,-1133,1558145,42348,1405659,110138,0
404,2021-04-10,Indonesia,4723.0,95.0,3629.0,999,1562868,42443,1409288,111137,0
405,2021-04-11,Indonesia,4127.0,87.0,5219.0,-1179,1566995,42530,1414507,109958,0
406,2021-04-12,Indonesia,4829.0,126.0,5289.0,-586,1571824,42656,1419796,109372,1
407,2021-04-13,Indonesia,5702.0,126.0,6349.0,-773,1577526,42782,1426145,108599,1
408,2021-04-14,Indonesia,5656.0,124.0,5747.0,-215,1583182,42906,1431892,108384,0
409,2021-04-15,Indonesia,6177.0,167.0,6362.0,-352,1589359,43073,1438254,108032,1
410,2021-04-16,Indonesia,5363.0,123.0,5975.0,-735,1594722,43196,1444229,107297,0
411,2021-04-17,Indonesia,5041.0,132.0,5963.0,-1054,1599763,43328,1450192,106243,0
412,2021-04-18,Indonesia,4585.0,96.0,4873.0,-384,1604348,43424,1455065,105859,0
413,2021-04-19,Indonesia,4952.0,143.0,6349.0,-1540,1609300,43567,1461414,104319,1
414,2021-04-20,Indonesia,5549.0,210.0,6728.0,-1389,1614849,43777,1468142,102930,1
415,2021-04-21,Indonesia,5720.0,230.0,7314.0,-1824,1620569,44007,1475456,101106,1
416,2021-04-22,Indonesia,6243.0,165.0,5993.0,85,1626812,44172,1481449,101191,1
417,2021-04-23,Indonesia,5436.0,174.0,5920.0,-658,1632248,44346,1487369,100533,0
418,2021-04-24,Indonesia,4544.0,154.0,4953.0,-563,1636792,44500,1492322,99970,0
419,2021-04-25,Indonesia,4402.0,94.0,3804.0,504,1641194,44594,1496126,100474,0
420,2021-04-26,Indonesia,5944.0,177.0,5589.0,178,1647138,44771,1501715,100652,1
421,2021-04-27,Indonesia,4656.0,168.0,4884.0,-396,1651794,44939,1506599,100256,0
422,2021-04-28,Indonesia,5241.0,177.0,4818.0,246,1657035,45116,1511417,100502,1
423,2021-04-29,Indonesia,5833.0,218.0,6015.0,-400,1662868,45334,1517432,100102,1
424,2021-04-30,Indonesia,5500.0,187.0,5202.0,111,1668368,45521,1522634,100213,0
425,2021-05-01,Indonesia,4512.0,131.0,4344.0,37,1672880,45652,1526978,100250,0
426,2021-05-02,Indonesia,4394.0,144.0,3740.0,510,1677274,45796,1530718,100760,0
427,2021-05-03,Indonesia,4730.0,153.0,4773.0,-196,1682004,45949,1535491,100564,1
428,2021-05-04,Indonesia,4369.0,188.0,5658.0,-1477,1686373,46137,1541149,99087,0
429,2021-05-05,Indonesia,5285.0,212.0,5943.0,-870,1691658,46349,1547092,98217,1
430,2021-05-06,Indonesia,5647.0,147.0,5440.0,60,1697305,46496,1552532,98277,1
431,2021-05-07,Indonesia,6327.0,167.0,5891.0,269,1703632,46663,1558423,98546,1
432,2021-05-08,Indonesia,6130.0,179.0,5494.0,457,1709762,46842,1563917,99003,0
433,2021-05-09,Indonesia,3922.0,170.0,4360.0,-608,1713684,47012,1568277,98395,0
434,2021-05-10,Indonesia,4891.0,206.0,6338.0,-1653,1718575,47218,1574615,96742,1
435,2021-05-11,Indonesia,5021.0,247.0,5592.0,-818,1723596,47465,1580207,95924,1
436,2021-05-12,Indonesia,4608.0,152.0,4671.0,-215,1728204,47617,1584878,95709,0
437,2021-05-13,Indonesia,3448.0,99.0,4201.0,-852,1731652,47716,1589079,94857,0
438,2021-05-14,Indonesia,2633.0,107.0,3807.0,-1281,1734285,47823,1592886,93576,0
439,2021-05-15,Indonesia,2385.0,144.0,4181.0,-1940,1736670,47967,1597067,91636,0
440,2021-05-16,Indonesia,3080.0,126.0,3790.0,-836,1739750,48093,1600857,90800,1
441,2021-05-17,Indonesia,4295.0,212.0,5754.0,-1671,1744045,48305,1606611,89129,1
442,2021-05-18,Indonesia,4185.0,172.0,5628.0,-1615,1748230,48477,1612239,87514,0
443,2021-05-19,Indonesia,4871.0,192.0,4364.0,315,1753101,48669,1616603,87829,1
444,2021-05-20,Indonesia,5797.0,218.0,4969.0,610,1758898,48887,1621572,88439,1
445,2021-05-21,Indonesia,5746.0,186.0,4570.0,990,1764644,49073,1626142,89429,0
446,2021-05-22,Indonesia,5296.0,132.0,3353.0,1811,1769940,49205,1629495,91240,0
447,2021-05-23,Indonesia,5280.0,123.0,3550.0,1607,1775220,49328,1633045,92847,0
448,2021-05-24,Indonesia,5907.0,127.0,5234.0,546,1781127,49455,1638279,93393,1
449,2021-05-25,Indonesia,5060.0,172.0,3795.0,1093,1786187,49627,1642074,94486,0
450,2021-05-26,Indonesia,5034.0,144.0,3189.0,1701,1791221,49771,1645263,96187,0
451,2021-05-27,Indonesia,6278.0,136.0,3924.0,2218,1797499,49907,1649187,98405,1
452,2021-05-28,Indonesia,5862.0,193.0,5370.0,299,1803361,50100,1654557,98704,0
453,2021-05-29,Indonesia,6565.0,162.0,5417.0,986,1809926,50262,1659974,99690,1
454,2021-05-30,Indonesia,6115.0,142.0,4024.0,1949,1816041,50404,1663998,101639,0
455,2021-05-31,Indonesia,5662.0,174.0,5121.0,367,1821703,50578,1669119,102006,0
456,2021-06-01,Indonesia,4824.0,145.0,5360.0,-681,1826527,50723,1674479,101325,0
457,2021-06-02,Indonesia,5246.0,185.0,6022.0,-961,1831773,50908,1680501,100364,1
458,2021-06-03,Indonesia,5353.0,187.0,11092.0,-5926,1837126,51095,1691593,94438,1
459,2021-06-04,Indonesia,6486.0,201.0,5950.0,335,1843612,51296,1697543,94773,1
460,2021-06-05,Indonesia,6594.0,153.0,4241.0,2200,1850206,51449,1701784,96973,1
461,2021-06-06,Indonesia,5832.0,163.0,4187.0,1482,1856038,51612,1705971,98455,0
462,2021-06-07,Indonesia,6993.0,191.0,5594.0,1208,1863031,51803,1711565,99663,1
463,2021-06-08,Indonesia,6294.0,189.0,5805.0,300,1869325,51992,1717370,99963,0
464,2021-06-09,Indonesia,7725.0,170.0,5883.0,1672,1877050,52162,1723253,101635,1
465,2021-06-10,Indonesia,8892.0,211.0,5661.0,3020,1885942,52373,1728914,104655,1
466,2021-06-11,Indonesia,8083.0,193.0,6230.0,1660,1894025,52566,1735144,106315,0
467,2021-06-12,Indonesia,7465.0,164.0,5292.0,2009,1901490,52730,1740436,108324,0
468,2021-06-13,Indonesia,9868.0,149.0,4655.0,5064,1911358,52879,1745091,113388,1
469,2021-06-14,Indonesia,8189.0,237.0,6143.0,1809,1919547,53116,1751234,115197,0
470,2021-06-15,Indonesia,8161.0,164.0,6407.0,1590,1927708,53280,1757641,116787,0
471,2021-06-16,Indonesia,9944.0,196.0,6229.0,3519,1937652,53476,1763870,120306,1
472,2021-06-17,Indonesia,12624.0,277.0,7350.0,4997,1950276,53753,1771220,125303,1
473,2021-06-18,Indonesia,12990.0,290.0,7907.0,4793,1963266,54043,1779127,130096,1
474,2021-06-19,Indonesia,12906.0,248.0,7016.0,5642,1976172,54291,1786143,135738,0
475,2021-06-20,Indonesia,13737.0,371.0,6385.0,6981,1989909,54662,1792528,142719,1
476,2021-06-21,Indonesia,14536.0,294.0,9233.0,5009,2004445,54956,1801761,147728,1
477,2021-06-22,Indonesia,13668.0,335.0,8375.0,4958,2018113,55291,1810136,152686,0
478,2021-06-23,Indonesia,15308.0,303.0,7167.0,7838,2033421,55594,1817303,160524,1
479,2021-06-24,Indonesia,20574.0,355.0,9201.0,11018,2053995,55949,1826504,171542,1
480,2021-06-25,Indonesia,18872.0,422.0,8557.0,9893,2072867,56371,1835061,181435,0
481,2021-06-26,Indonesia,21095.0,358.0,7396.0,13341,2093962,56729,1842457,194776,1
482,2021-06-27,Indonesia,21342.0,409.0,8024.0,12909,2115304,57138,1850481,207685,1
483,2021-06-28,Indonesia,20694.0,423.0,9480.0,10791,2135998,57561,1859961,218476,0
484,2021-06-29,Indonesia,20467.0,463.0,9645.0,10359,2156465,58024,1869606,228835,0
485,2021-06-30,Indonesia,21807.0,467.0,10807.0,10533,2178272,58491,1880413,239368,1
486,2021-07-01,Indonesia,24836.0,504.0,9874.0,14458,2203108,58995,1890287,253826,1
487,2021-07-02,Indonesia,25830.0,539.0,11578.0,13713,2228938,59534,1901865,267539,1
488,2021-07-03,Indonesia,27913.0,493.0,13282.0,14138,2256851,60027,1915147,281677,1
489,2021-07-04,Indonesia,27233.0,555.0,13127.0,13551,2284084,60582,1928274,295228,0
490,2021-07-05,Indonesia,29745.0,558.0,14416.0,14771,2313829,61140,1942690,309999,1
491,2021-07-06,Indonesia,31189.0,728.0,15863.0,14598,2345018,61868,1958553,324597,1
492,2021-07-07,Indonesia,34379.0,538.0088063332989,14835.0,18504,2379397,62908,1973388,343101,1
493,2021-07-08,Indonesia,38391.0,852.0,21185.0,16354,2417788,63760,1994573,359455,1
494,2021-07-09,Indonesia,38124.0,871.0,14581.21893132659,8278,2455912,64631,2023548,367733,0
495,2021-07-10,Indonesia,35094.0,826.0,17459.975145061275,5707,2491006,65457,2052109,373440,0
496,2021-07-11,Indonesia,36197.0,1007.0,19680.18011604902,2575,2527203,66464,2084724,376015,1
497,2021-07-12,Indonesia,40427.0,891.0,22267.14409283922,4782,2567630,67355,2119478,380797,1
498,2021-07-13,Indonesia,34517.86449510427,864.0,20123.0,26912,2615529,68219,2139601,407709,1
499,2021-07-14,Indonesia,37194.091596083425,991.0,17762.0,35764,2670046,69210,2157363,443473,1
500,2021-07-15,Indonesia,40658.67327686674,982.0,19049.0,36726,2726803,70192,2176412,480199,1
501,2021-07-16,Indonesia,54000.0,1205.0,28079.0,24716,2780803,71397,2204491,504915,0
502,2021-07-17,Indonesia,51952.0,1092.0,27903.0,22957,2832755,72489,2232394,527872,0
503,2021-07-18,Indonesia,44721.0,1093.0,29264.0,14364,2877476,73582,2261658,542236,0
504,2021-07-19,Indonesia,34257.0,1338.0,32217.0,702,2911733,74920,2293875,542938,0
505,2021-07-20,Indonesia,38325.0,1280.0,29791.0,7254,2950058,76200,2323666,550192,1
506,2021-07-21,Indonesia,33772.0,1383.0,32887.0,-498,2983830,77583,2356553,549694,0
507,2021-07-22,Indonesia,49509.0,1449.0,36370.0,11690,3033339,79032,2392923,561384,1
508,2021-07-23,Indonesia,49071.0,1566.0,38988.0,8517,3082410,80598,2431911,569901,0
509,2021-07-24,Indonesia,45416.0,1415.0,39767.0,4234,3127826,82013,2471678,574135,0
510,2021-07-25,Indonesia,38679.0,1266.0,37640.0,-227,3166505,83279,2509318,573908,0
511,2021-07-26,Indonesia,43207.39918165721,1487.0,40374.0,-13633,3194733,84766,2549692,560275,0
512,2021-07-27,Indonesia,45203.0,1341.6274776964149,35443.37763903898,-3994,3239936,86835,2596820,556281,1
513,2021-07-28,Indonesia,47791.0,1824.0,43856.0,2111,3287727,88659,2640676,558392,1
514,2021-07-29,Indonesia,43479.0,1893.0,45494.0,-3908,3331206,90552,2686170,554484,0
515,2021-07-30,Indonesia,41168.0,1759.0,44550.0,-5141,3372374,92311,2730720,549343,0
516,2021-07-31,Indonesia,37284.0,1808.0,39372.0,-3896,3409658,94119,2770092,545447,0
517,2021-08-01,Indonesia,30738.0,1604.0,39446.0,-10312,3440396,95723,2809538,535135,0
518,2021-08-02,Indonesia,39253.464655261094,1568.0,32807.0,-11971,3462800,97291,2842345,523164,0
519,2021-08-03,Indonesia,33900.0,1598.0,31324.0,978,3496700,98889,2873669,524142,1
520,2021-08-04,Indonesia,35867.0,1747.0,34251.0,-131,3532567,100636,2907920,524011,1
521,2021-08-05,Indonesia,35764.0,1739.0,39726.0,-5701,3568331,102375,2947646,518310,0
522,2021-08-06,Indonesia,39532.0,1635.0,37392.177696075065,-10935,3607863,104010,2996478,507375,1
523,2021-08-07,Indonesia,31753.0,1588.0,39716.0,-9551,3639616,105598,3036194,497824,0
524,2021-08-08,Indonesia,26415.0,1498.0,48508.0,-23591,3666031,107096,3084702,474233,0
525,2021-08-09,Indonesia,20709.0,1475.0,44959.0,-25725,3686740,108571,3129661,448508,0
526,2021-08-10,Indonesia,32081.0,1591.3395113932504,41486.0,-11453,3718821,110619,3171147,437055,1
527,2021-08-11,Indonesia,30625.0,1579.0,39931.0,-10885,3749446,112198,3211078,426170,0
528,2021-08-12,Indonesia,24709.0,1466.0,36637.0,-13394,3774155,113664,3247715,412776,0
529,2021-08-13,Indonesia,30788.0,1432.0,42003.0,-12647,3804943,115096,3289718,400129,1
530,2021-08-14,Indonesia,28598.0,1270.0,31880.0,-4552,3833541,116366,3321598,395577,0
531,2021-08-15,Indonesia,20813.0,1222.0,30361.0,-10770,3854354,117588,3351959,384807,0
532,2021-08-16,Indonesia,17384.0,1245.0,29925.0,-13786,3871738,118833,3381884,371021,0
533,2021-08-17,Indonesia,20741.0,1180.0,32225.0,-12664,3892479,120013,3414109,358357,1
534,2021-08-18,Indonesia,15768.0,1128.0,29794.0,-15154,3908247,121141,3443903,343203,0
535,2021-08-19,Indonesia,22053.0,1492.0,29012.0,-8451,3930300,122633,3472915,334752,1
536,2021-08-20,Indonesia,20004.0,1348.0,26122.0,-7466,3950304,123981,3499037,327286,0
537,2021-08-21,Indonesia,16744.0,1361.0,23011.0,-7628,3967048,125342,3522048,319658,0
538,2021-08-22,Indonesia,12408.0,1030.0,24276.0,-12898,3979456,126372,3546324,306760,0
539,2021-08-23,Indonesia,9604.0,1290.6468130372948,24758.0,-15996,3989060,127214,3571082,290764,0
540,2021-08-24,Indonesia,19106.0,1038.0,35082.0,-17014,4008166,128252,3606164,273750,1
541,2021-08-25,Indonesia,18671.0,1041.0,33703.0,-16073,4026837,129293,3639867,257677,0
542,2021-08-26,Indonesia,16899.0,889.0,30099.0,-14089,4043736,130182,3669966,243588,0
543,2021-08-27,Indonesia,12618.0,1092.0937346200762,30236.097955201712,-7271,4056354,130781,3689256,236317,0
544,2021-08-28,Indonesia,10050.0,993.4749876960611,28046.87836416137,-9135,4066404,131372,3707850,227182,0
545,2021-08-29,Indonesia,7427.0,551.0,26156.302691329096,-9592,4073831,131923,3724318,217590,0
546,2021-08-30,Indonesia,5436.0,568.0,19398.0,-14530,4079267,132491,3743716,203060,0
547,2021-08-31,Indonesia,10534.0,532.0,16781.0,-6779,4089801,133023,3760497,196281,1
548,2021-09-01,Indonesia,10337.0,653.0,16394.0,-6710,4100138,133676,3776891,189571,0
549,2021-09-02,Indonesia,8955.0,680.0,21208.0,-12933,4109093,134356,3798099,176638,0
550,2021-09-03,Indonesia,7797.0,574.0,15544.0,-8321,4116890,134930,3813643,168317,0
551,2021-09-04,Indonesia,6727.0,539.0,13806.0,-7618,4123617,135469,3827449,160699,0
552,2021-09-05,Indonesia,5403.0,392.0,10191.0,-5180,4129020,135861,3837640,155519,0
553,2021-09-06,Indonesia,4413.0,612.0,13049.0,-9248,4133433,136473,3850689,146271,0
554,2021-09-07,Indonesia,7201.0,683.0,14159.0,-7641,4140634,137156,3864848,138630,1
555,2021-09-08,Indonesia,6731.0,626.0,11912.0,-5807,4147365,137782,3876760,132823,0
556,2021-09-09,Indonesia,5990.0,334.0,10650.0,-4994,4153355,138116,3887410,127829,0
557,2021-09-10,Indonesia,5376.0,315.0,14356.0,-9295,4158731,138431,3901766,118534,0
558,2021-09-11,Indonesia,5001.0,270.0,7586.0,-2855,4163732,138701,3909352,115679,0
559,2021-09-12,Indonesia,3779.0,188.0,9401.0,-5810,4167511,138889,3918753,109869,0
560,2021-09-13,Indonesia,2577.0,276.0,12474.0,-10173,4170088,139165,3931227,99696,0
561,2021-09-14,Indonesia,4128.0,250.0,11246.0,-7368,4174216,139415,3942473,92328,1
562,2021-09-15,Indonesia,3948.0,267.0,11046.0,-7365,4178164,139682,3953519,84963,0
563,2021-09-16,Indonesia,3145.0,237.0,14633.0,-11725,4181309,139919,3968152,73238,0
564,2021-09-17,Indonesia,3835.0,219.0,7912.0,-4296,4185144,140138,3976064,68942,1
565,2021-09-18,Indonesia,3385.0,185.0,7076.0,-3876,4188529,140323,3983140,65066,0
566,2021-09-19,Indonesia,2234.0,145.0,6186.0,-4097,4190763,140468,3989326,60969,0
567,2021-09-20,Indonesia,1932.0,166.0,6799.0,-5033,4192695,140634,3996125,55936,0
568,2021-09-21,Indonesia,3263.0,171.0,6581.0,-3489,4195958,140805,4002706,52447,1
569,2021-09-22,Indonesia,2720.0,149.0,5356.0,-2785,4198678,140954,4008062,49662,0
570,2021-09-23,Indonesia,2881.0,160.0,4386.0,-1665,4201559,141114,4012448,47997,1
571,2021-09-24,Indonesia,2557.0,144.0,4607.0,-2194,4204116,141258,4017055,45803,0
572,2021-09-25,Indonesia,2137.0,123.0,3746.0,-1732,4206253,141381,4020801,44071,0
573,2021-09-26,Indonesia,1760.0,86.0,2976.0,-1302,4208013,141467,4023777,42769,0
574,2021-09-27,Indonesia,1390.0,118.0,3771.0,-2499,4209403,141585,4027548,40270,0
575,2021-09-28,Indonesia,2057.0,124.0,3551.0,-1618,4211460,141709,4031099,38652,1
576,2021-09-29,Indonesia,1954.0,117.0,3077.0,-1240,4213414,141826,4034176,37412,0
577,2021-09-30,Indonesia,1690.0,113.0,2848.0,-1271,4215104,141939,4037024,36141,0
578,2021-10-01,Indonesia,1624.0,87.0,2811.0,-1274,4216728,142026,4039835,34867,0
579,2021-10-02,Indonesia,1414.0,89.0,2380.0,-1055,4218142,142115,4042215,33812,0
580,2021-10-03,Indonesia,1142.0,58.0,2020.0,-936,4219284,142173,4044235,32876,0
581,2021-10-04,Indonesia,922.0,88.0,2656.0,-1822,4220206,142261,4046891,31054,0
582,2021-10-05,Indonesia,1404.0,77.0,2558.0,-1231,4221610,142338,4049449,29823,1
583,2021-10-06,Indonesia,1484.0,75.0,2851.0,-1442,4223094,142413,4052300,28381,1
584,2021-10-07,Indonesia,1393.0,81.0,1946.0,-634,4224487,142494,4054246,27747,0
585,2021-10-08,Indonesia,1384.0,66.0,3514.0,-2196,4225871,142560,4057760,25551,0
586,2021-10-09,Indonesia,1167.0,52.0,1507.0,-392,4227038,142612,4059267,25159,0
587,2021-10-10,Indonesia,894.0,39.0,1584.0,-729,4227932,142651,4060851,24430,0
588,2021-10-11,Indonesia,620.0,65.0,2444.0,-1889,4228552,142716,4063295,22541,0
589,2021-10-12,Indonesia,1261.0,47.0,2130.0,-916,4229813,142763,4065425,21625,1
590,2021-10-13,Indonesia,1233.0,48.0,2259.0,-1074,4231046,142811,4067684,20551,0
591,2021-10-14,Indonesia,1053.0,37.0,1715.0,-699,4232099,142848,4069399,19852,0
592,2021-10-15,Indonesia,915.0,41.0,1408.0,-534,4233014,142889,4070807,19318,0
593,2021-10-16,Indonesia,997.0,44.0,1525.0,-572,4234011,142933,4072332,18746,1
594,2021-10-17,Indonesia,747.0,19.0,1086.0,-358,4234758,142952,4073418,18388,0
595,2021-10-18,Indonesia,626.0,47.0,1593.0,-1014,4235384,142999,4075011,17374,0
596,2021-10-19,Indonesia,903.0,50.0,1530.0,-677,4236287,143049,4076541,16697,1
597,2021-10-20,Indonesia,914.0,28.0,1207.0,-321,4237201,143077,4077748,16376,1
598,2021-10-21,Indonesia,633.0,43.0,1372.0,-782,4237834,143120,4079120,15594,0
599,2021-10-22,Indonesia,760.0,33.0,1231.0,-504,4238594,143153,4080351,15090,1
600,2021-10-23,Indonesia,802.0,23.0,1066.0,-287,4239396,143176,4081417,14803,1
601,2021-10-24,Indonesia,623.0,29.0,1037.0,-443,4240019,143205,4082454,14360,0
602,2021-10-25,Indonesia,460.0,30.0,1236.0,-806,4240479,143235,4083690,13554,0
603,2021-10-26,Indonesia,611.0,35.0,1141.0,-565,4241090,143270,4084831,12989,1
604,2021-10-27,Indonesia,719.0,29.0,944.0,-254,4241809,143299,4085775,12735,1
605,2021-10-28,Indonesia,723.0,34.0,984.0,-295,4242532,143333,4086759,12440,1
606,2021-10-29,Indonesia,683.0,28.0,681.0,-26,4243215,143361,4087440,12414,0
607,2021-10-30,Indonesia,620.0,27.0,698.0,-105,4243835,143388,4088138,12309,0
608,2021-10-31,Indonesia,523.0,17.0,497.0,9,4244358,143405,4088635,12318,0
609,2021-11-01,Indonesia,403.0,18.0,784.0,-399,4244761,143423,4089419,11919,0
610,2021-11-02,Indonesia,612.0,34.0,868.0,-290,4245373,143457,4090287,11629,1
611,2021-11-03,Indonesia,801.0,24.0,814.0,-37,4246174,143481,4091101,11592,1
612,2021-11-04,Indonesia,628.0,19.0,837.0,-228,4246802,143500,4091938,11364,0
613,2021-11-05,Indonesia,518.0,19.0,648.0,-149,4247320,143519,4092586,11215,0
614,2021-11-06,Indonesia,401.0,15.0,622.0,-236,4247721,143534,4093208,10979,0
615,2021-11-07,Indonesia,444.0,11.0,587.0,-154,4248165,143545,4093795,10825,1
616,2021-11-08,Indonesia,244.0,12.0,1283.0,-1051,4248409,143557,4095078,9774,0
617,2021-11-09,Indonesia,434.0,21.0,585.0,-172,4248843,143578,4095663,9602,1
618,2021-11-10,Indonesia,480.0,14.0,531.0,-65,4249323,143592,4096194,9537,1
619,2021-11-11,Indonesia,435.0,16.0,470.0,-51,4249758,143608,4096664,9486,0
620,2021-11-12,Indonesia,399.0,20.0,560.0,-181,4250157,143628,4097224,9305,0
621,2021-11-13,Indonesia,359.0,16.0,451.0,-108,4250516,143644,4097675,9197,0
622,2021-11-14,Indonesia,339.0,15.0,503.0,-179,4250855,143659,4098178,9018,0
623,2021-11-15,Indonesia,221.0,11.0,706.0,-496,4251076,143670,4098884,8522,0
624,2021-11-16,Indonesia,347.0,15.0,515.0,-183,4251423,143685,4099399,8339,1
625,2021-11-17,Indonesia,522.0,13.0,458.0,51,4251945,143698,4099857,8390,1
626,2021-11-18,Indonesia,400.0,11.0,464.0,-75,4252345,143709,4100321,8315,0
627,2021-11-19,Indonesia,360.0,5.0,516.0,-161,4252705,143714,4100837,8154,0
628,2021-11-20,Indonesia,393.0,14.0,379.0,0,4253098,143728,4101216,8154,1
629,2021-11-21,Indonesia,314.0,11.0,331.0,-28,4253412,143739,4101547,8126,0
630,2021-11-22,Indonesia,186.0,5.0,342.0,-161,4253598,143744,4101889,7965,0
631,2021-11-23,Indonesia,394.0,9.0,434.0,-49,4253992,143753,4102323,7916,1
632,2021-11-24,Indonesia,451.0,13.0,377.0,61,4254443,143766,4102700,7977,1
633,2021-11-25,Indonesia,372.0,16.0,293.0,63,4254815,143782,4102993,8040,0
634,2021-11-26,Indonesia,453.0,14.0,386.0,53,4255268,143796,4103379,8093,1
635,2021-11-27,Indonesia,404.0,11.0,260.0,133,4255672,143807,4103639,8226,0
636,2021-11-28,Indonesia,264.0,1.0,275.0,-12,4255936,143808,4103914,8214,0
637,2021-11-29,Indonesia,176.0,11.0,419.0,-254,4256112,143819,4104333,7960,0
638,2021-11-30,Indonesia,297.0,11.0,324.0,-38,4256409,143830,4104657,7922,1
639,2021-12-01,Indonesia,278.0,10.0,307.0,-39,4256687,143840,4104964,7883,0
640,2021-12-02,Indonesia,311.0,10.0,388.0,-87,4256998,143850,4105352,7796,1
641,2021-12-03,Indonesia,245.0,8.0,328.0,-91,4257243,143858,4105680,7705,0
